Timestamp,EDA_mean,EDA_std,EDA_entropy,ECG_HR_mean,ECG_HR_std,ECG_LF_power,ECG_HF_power,Resp_rate_mean,Resp_std,Resp_entropy,Temp_mean,Temp_std,Acc_x_mean,Acc_y_mean,Acc_z_mean,Acc_x_std,Acc_y_std,Acc_z_std,Label
2025-11-04 10:00:00,0.42472407130841755,0.014651354905174694,0.6689350630721645,71.63066511121059,3.2701633930462326,138.51828683623756,250.01774217478987,15.008860551804098,0.6921551881904088,0.5360188182914264,36.33513285922743,0.05417613851948793,-0.08175195342663821,0.18692276540944763,-0.8545301044426632,0.13485538806478073,0.058214045801413185,0.29030194742035775,0
2025-11-04 10:00:01,0.7704285838459497,0.057821916841133324,0.7785903390319586,63.74443211807348,3.757859876549063,131.2328948152499,101.00890865722471,16.849822902342822,1.7515606701760444,0.6752217721058273,36.75787636609394,0.03463900586260472,-0.39342821830143415,-0.9675131135810926,-0.43879837352416806,0.044550794878853966,0.12012384739827812,0.28396514068501966,0
2025-11-04 10:00:02,0.6391963650868431,0.058657160944909595,0.6770104842767468,74.6201350960345,4.2023467964363315,317.30164513862235,188.77123732557155,13.80104938042614,2.4862888612268716,1.3667703545060004,36.383860805063144,0.058727981593185534,0.8651097568386241,0.45755610890129494,-0.3001242928585719,0.1585939180123109,0.18898632586392033,0.10711470413972564,0
2025-11-04 10:00:03,0.559195090518222,0.06736869113483859,0.5887025337570556,69.07548931778506,1.8006009769792404,273.51607510192275,233.2678240074187,12.538206042994037,2.2677161931667453,0.7824787439770267,36.48637663462033,0.07751075221003866,-0.7627124685168394,-0.35293917502901695,0.5648516244255757,0.11116125316300272,0.2912474707437976,0.17554764152084085,0
2025-11-04 10:00:04,0.29361118426546196,0.07534822003503955,0.6206358711006008,67.38638489740481,1.669930329036279,182.24819996794176,203.99636256504476,15.660621003930459,0.6255650286599344,1.4504591705752956,36.50761652616272,0.1380588995476888,0.86749884600294,0.3301119780132622,0.9850292403239427,0.11869922806149932,0.22101302993290972,0.27378266342217383,0
2025-11-04 10:00:05,0.2935967122017216,0.09782668715162812,0.9607787680327258,75.24504612918444,1.418271361337601,123.82581069669598,97.00618365385404,13.819428254069603,0.6822545884197588,1.0816222929891937,35.9240980531407,0.0218873200216958,0.36773290367068645,0.11315685700430667,-0.5186589704856939,0.1901858810051551,0.2775550895572478,0.011793308565860035,0
2025-11-04 10:00:06,0.23485016730091968,0.05646703134710759,0.7063337184057925,66.4782815472862,3.545720998174547,125.69747487892916,138.84614217143485,10.740995680978946,1.5071832065815927,0.9366141897687661,36.495848676171725,0.04999631853641516,0.06314430537346238,-0.31453814914418565,0.7486146682741612,0.21842825284603867,0.23104149691111134,0.24509823539790163,0
2025-11-04 10:00:07,0.7197056874649612,0.03906608256471214,0.8642698610480755,62.957693518182204,3.8259029059476046,368.25726239923546,245.9479461213493,15.271132515725633,1.2382262351198583,1.0800888346694546,36.29308166778075,0.16371449165541851,-0.9346818784310083,-0.7308474657917845,0.6612455208635826,0.04207504367321665,0.18159792097879612,0.2850271703087865,0
2025-11-04 10:00:08,0.5606690070459254,0.08156675752918334,1.003417270854857,62.21685413238048,1.1263445793025681,157.56019741562287,188.55662853300416,13.197007721069117,1.0809608076401196,1.0166983852262677,36.35206315328007,0.037915165480916446,-0.04880761635598341,-0.8111622046790381,-0.5506852047164668,0.02032116693387815,0.06568677704953992,0.03648446295673154,0
2025-11-04 10:00:09,0.6248435466776274,0.03437490261358668,1.1903948286293653,73.0300497567282,4.744848984974759,197.01146863465624,51.307403385728186,13.864200076543758,1.202511247271784,1.258776253757325,36.93308960104064,0.0751025778392791,-0.18450378999453543,0.6630366662244471,-0.20133483960155485,0.2983557877788573,0.20333883904882877,0.056819828949547097,0
2025-11-04 10:00:10,0.21235069657748148,0.04950742786350726,0.5393121398410989,63.597853237518585,1.2078851346058896,167.9969206680964,240.24769000702346,14.497970495853522,2.5087068582422116,0.7824960659728523,36.12304793171622,0.17428519515304663,-0.6775623760497549,0.836795084163116,-0.18065426141496177,0.07749122118551002,0.19078007412837306,0.28861642780369307,0
2025-11-04 10:00:11,0.7819459112971967,0.017061074320803938,1.2994103989090426,78.77397090992183,3.165185341204282,206.4988917495812,58.82783873505977,14.285749519668599,2.823070134079635,0.8530503916003024,36.743961556024395,0.039435809117254104,0.3128192070013138,0.29957609352859915,0.9564413370531166,0.02561085222345313,0.18471605943260727,0.1658866416557004,0
2025-11-04 10:00:12,0.6994655844802531,0.012281566907391177,1.1279003894909079,59.59035296058139,3.8362420778036657,120.82715282382802,236.43344568280804,15.064177725708559,1.512756736318916,1.3940943025332508,36.41631112090046,0.02571999876745608,0.9423018147365716,-0.7931317702790333,-0.6382161972422034,0.06506384543781679,0.15203790171658982,0.014117023996799873,0
2025-11-04 10:00:13,0.3274034664069657,0.09663835732101327,0.5817590319488719,78.48228184145019,4.483876494984342,255.71793727248112,100.62014004130936,13.346770444145236,2.765277505331243,1.4464565131504055,36.41607194945125,0.10206221906520205,0.12437762212905024,-0.19594556622351855,0.5983159422095641,0.02129777544105462,0.16331041515688993,0.08471327964142344,0
2025-11-04 10:00:14,0.3090949803242604,0.08523821084609853,1.3735786241067771,71.05508733601309,3.856347728529711,120.28376907766447,289.5183700298451,14.769658697264124,1.303739253119705,1.3925582274864745,36.737111568815514,0.06745970714292192,0.42950655288789163,0.45787840021031445,-0.33161457165378017,0.12362515943897977,0.10698833286425016,0.1404836655379693,0
2025-11-04 10:00:15,0.3100427059120603,0.07263767854843282,1.4208724005318132,69.51643444064804,4.206912332279167,340.10695234670845,141.9851878255211,13.610679983624124,1.691092465859479,0.9194479939573136,36.60201538837067,0.11704758925193227,-0.8630990948679664,0.5596417680201362,0.4617406915523208,0.24269651749088403,0.16060068086626791,0.21094358419718262,0
2025-11-04 10:00:16,0.38254534577572263,0.046805764997284297,0.5610779598548638,67.27540456595526,2.3578007701712242,170.11362457312993,131.73290408451976,15.108215721331254,1.0650724945399994,1.2803655030068817,36.67118389916586,0.1627229291918603,-0.16466600836601053,-0.7635627554178228,-0.1599779914086743,0.10896089042973897,0.06729121264675869,0.22261650965967186,0
2025-11-04 10:00:17,0.5148538589793428,0.02559648880637612,0.7768776481472037,71.99568057176036,4.2593004549860485,262.0035743813532,87.22201258311117,14.923051226019581,2.10119010543961,0.9763357333010988,36.79045539815986,0.0360582127490212,-0.7672830296710083,-0.9999385623092352,0.15671952623308005,0.1388131879947263,0.24350057523450927,0.2986722387483823,0
2025-11-04 10:00:18,0.4591670111852695,0.024079333840397746,1.3062012797930613,69.81182648787576,1.3204593855387006,364.0237262684375,126.40105387255372,12.596841946933107,2.9474527879370225,0.9975398521461022,36.400607485045,0.12033282606531415,0.2255916710730208,0.42427409176121,0.6652235466522622,0.20592016433455723,0.06387531686262526,0.0933782478212901,0
2025-11-04 10:00:19,0.3747374841188252,0.03252186083481358,1.2482596903836582,75.5165094100826,4.579266624242111,295.2632107141583,269.16269045705013,15.628973174262548,2.0087327401084467,0.704680109057284,36.31632897964767,0.10604666447407414,0.8769643164283092,-0.28680764802758874,0.6083311299677683,0.15757928032026525,0.03464022406794526,0.16608382954185782,0
2025-11-04 10:00:20,0.5671117368334277,0.05943039982355085,0.6845210193563773,70.5711382433102,3.190369504614945,259.88733596540055,299.08358440681184,13.196054832328928,1.3945352102838722,1.0911303032585165,36.17445484203266,0.03737496934250792,0.323555464943277,-0.4910373367634795,0.7328463670794003,0.259819248946184,0.13651134764357564,0.16466382887928546,0
2025-11-04 10:00:21,0.2836963163912251,0.07431363304300562,0.7093493233367103,70.75150880730939,4.269191079849975,197.30012593461268,142.07738262671208,15.212086697421718,2.1195436149763207,0.6861358977533479,36.25237684100632,0.12855971225050666,-0.8463939033711569,-0.9742050604209491,-0.880765349310682,0.2611503457632694,0.20090915745675794,0.12763712523969886,0
2025-11-04 10:00:22,0.3752867891211309,0.06941776390459582,0.870472102791382,68.18193893893073,2.8092731380732006,199.90057391745938,162.15265773863564,14.55093097010201,0.8073016961634689,0.8315646990671938,37.38472832759262,0.06199167939354661,-0.29066759002983433,0.08059881352299936,0.38410110607948966,0.012874101692434557,0.136937879230727,0.05905694921430186,0
2025-11-04 10:00:23,0.4198171059762151,0.03519405072513486,0.9845229851910213,69.71527188139466,3.5743107807861,300.84608655945704,230.51773455068425,16.757275515192685,2.7216477006634965,1.3550302016199351,36.87340387422103,0.10268852052336237,0.10132675888170306,0.7023014708519635,-0.7200252465564743,0.23563342888012775,0.09025869826587948,0.2934624033233143,0
2025-11-04 10:00:24,0.4736419905302216,0.09593787525968747,1.118254771530296,71.5390088444603,3.105610643744453,398.24180836635026,271.54894511626867,13.664801026442221,1.757709876949591,0.7070758092108552,36.094677690137594,0.025631741612641756,-0.19358448773349557,0.9152632925451758,-0.168362863963178,0.14361274407008542,0.17186964332822782,0.25746198413330995,0
2025-11-04 10:00:25,0.6711055768358083,0.07641072250261917,0.8689136395697724,61.449158036716874,3.9263580870213275,298.5517569548136,198.26108354669603,13.476024805822703,1.623374355099105,0.5711582851734328,36.10326261297693,0.09732097087058837,0.6672880209503447,0.13148990122657844,0.09717683010937694,0.2967637569780623,0.11063067726953797,0.1545165782053288,0
2025-11-04 10:00:26,0.3198042692950159,0.05989186472602607,0.9625347161331479,63.25907288947143,1.3265199281223583,267.33502521100746,147.88142454445733,13.970870591168401,1.964661971133798,0.5690075926128163,36.644559818515546,0.06822805892813585,0.6293420094199784,0.02892265547978834,-0.1945210305063385,0.1501373020038762,0.28053163013672355,0.18494117257836865,0
2025-11-04 10:00:27,0.508540663048167,0.06505486716109171,1.2474709381337565,73.71632047011357,1.2414083359622552,319.1951530717738,153.15546021215593,13.545230325748587,2.061959656973506,1.440784520503108,36.66417943921339,0.16625243012521734,0.22366204020644287,-0.8298872290215178,0.03922335160601498,0.29619982416260626,0.2775670904850359,0.07590570553230205,0
2025-11-04 10:00:28,0.5554487413172255,0.047764005618501096,0.5366832028905979,70.85432719063971,1.9884129360405858,239.56168368511544,223.9045366242017,15.199912852913075,0.6794395155662826,1.0069204379618346,36.66466515059521,0.020825958129499972,-0.2530841097345895,0.09774560308519953,0.9930526175972383,0.2288251147496636,0.15568782779190768,0.1676982504136066,0
2025-11-04 10:00:29,0.22787024763199865,0.032295789055104177,0.7524369443440208,69.0800833182366,1.6381787204527534,118.04270278023557,50.80456590106967,11.575534087345119,2.206543053058506,0.9094120718170183,36.42351326193389,0.08953538223448268,-0.4893272524735117,-0.24004184206921075,-0.7295653725742905,0.08209541653785882,0.10508635826529496,0.21154133860522797,0
2025-11-04 10:00:30,0.5645269111408631,0.04203754107861355,1.2133495858845524,70.09216966532696,4.487134266368807,268.689044763373,204.89733436496016,12.419476371280469,1.1048292007888239,1.3108785810079184,36.46236372199913,0.09710197058497322,-0.7882513635737414,0.21427056176715387,0.3509120906728511,0.16613454399321773,0.22376840004742532,0.15939843823211075,0
2025-11-04 10:00:31,0.30231447421237495,0.07820614994179323,1.3952068376871993,71.73790852680835,1.8768559494321773,387.28758535161404,138.87325261033936,12.39829561763121,2.2848815812664744,1.335825927910516,36.598363857247804,0.14775115449683257,-0.2902046330268919,-0.2225473042469066,-0.20799806722876957,0.297719335448789,0.020646753610089323,0.29718269946963294,0
2025-11-04 10:00:32,0.23903095579116773,0.011295413976678029,1.011677442115666,67.30120159845319,4.903461023276526,152.5908827072979,248.54933281927106,15.425461387960365,2.556336985960492,0.8321910331156046,36.525767901888,0.11911463926714008,-0.17365496558456095,-0.5194017530992665,-0.7339804021853424,0.25868387624805783,0.14768301175265885,0.18728908031184058,0
2025-11-04 10:00:33,0.769331322352,0.020446537645622462,1.0321134852653158,66.10847637298843,2.3475831670844274,307.0014672461997,73.24765995578304,16.565920058872887,2.5098962688813007,1.1936180574737953,35.83420988817574,0.13677034406689442,0.3516458502081472,-0.810069449543247,-0.6825264732513809,0.03823639919945412,0.1075337843383967,0.117582376651729,0
2025-11-04 10:00:34,0.7793792198447358,0.014140237781957748,0.607172011339776,70.9792262754884,1.7284716627547971,160.28010659771695,197.05056673709763,13.843326172193793,1.8812524185197228,1.2711228158518866,36.43106011082744,0.15763936427383368,0.31631964859514694,-0.37016311082220854,0.8985462124912338,0.21484787907489886,0.27695540667974083,0.23392408800859305,0
2025-11-04 10:00:35,0.6850384088698768,0.013665592208707313,0.9474123668234546,65.10813611192484,4.1587940285699165,260.7483053419244,170.24322247153094,13.746767415214984,1.800424730776878,1.1546506868659545,36.2445780697219,0.17381856499505588,-0.8597837207174861,-0.8067103314244954,0.759202993423524,0.11021807990253578,0.013480877909077937,0.059434128358676196,0
2025-11-04 10:00:36,0.38276826150402243,0.08699145256099065,1.032617266455023,72.04126377857236,3.6348311020035045,129.00293489401588,210.58138147630686,14.105078244669771,0.8571899033485293,0.6515950748000994,36.55256342567255,0.0696363443772694,-0.20948136913768445,-0.6462060983520321,0.8140839208300437,0.012024855945300953,0.17031631395832122,0.12150958597481729,0
2025-11-04 10:00:37,0.25860326840383036,0.07332920734420213,0.7424705036347297,61.4870819788108,2.992782865812556,235.11128087745556,66.21339862074208,15.742817453912286,2.438365376007839,1.375883083517057,37.395577700781025,0.11222431401914156,-0.6364422655652762,0.9746723171590919,0.983065551654773,0.12700948101782988,0.22479243850932154,0.11061809560949988,0
2025-11-04 10:00:38,0.6105398159072942,0.05267564461785927,0.769243230949381,75.14577818662822,3.221454203750525,326.8489986685738,194.99594685703283,12.608970298714139,1.178523451116786,1.0390945527360087,36.61024449964229,0.169620534903448,-0.6863745893663886,-0.11179288618676275,-0.5833692199829641,0.07807878230024166,0.15065521638197196,0.1352240575812554,0
2025-11-04 10:00:39,0.46409149624376084,0.018805074458590136,0.8772841631046226,72.36298741206521,3.8768071130890553,204.27145727169463,190.37114698988094,14.357553474102177,1.7417385570448665,0.7824724263700037,36.40594109414828,0.19799571488336073,0.6546042994744918,0.0637435330100331,-0.2891213252718765,0.24747208845093674,0.03476687874718928,0.23671614951933062,0
2025-11-04 10:00:40,0.27322294090686733,0.05424542876051492,0.5200711977777264,71.28014867156938,1.913818965325195,299.4735173461654,190.16502360404274,15.462796444673645,1.2106852323187918,0.9252281854376939,36.776540450593174,0.179008669098315,-0.9161695665674849,0.7472370574744307,0.3384380598497334,0.10782587656527198,0.2920138031080916,0.15041017932738815,0
2025-11-04 10:00:41,0.4971061460667622,0.05261245937025092,0.8220791655831783,74.91345491972757,4.985335664226968,338.63498823691873,200.8719166491137,14.751641254909767,0.8345709074992329,0.5375710903989074,36.64480636616276,0.08057877989863159,-0.16163424819575734,0.9911378009813756,-0.0323949202787055,0.24998187124660695,0.16022302509906838,0.2402641905771292,0
2025-11-04 10:00:42,0.22063311266913105,0.02558816829190137,0.7114480069965446,78.32737222231289,4.8991726485871325,378.1533458438358,219.11698430659055,14.284372424898114,2.0738942422293416,0.6278668012224176,36.62602834713555,0.04708163827154358,-0.6635926884669636,0.16542889868936306,-0.16322093324333298,0.010173402262090639,0.18811401085251328,0.1771817819105611,0
2025-11-04 10:00:43,0.7455922412472693,0.04904664843141758,0.8274973521779146,75.07185032509065,3.6013027453877475,170.39262455663606,251.24724992019244,15.501569138850712,0.6358300870572595,1.2655467505158609,36.6820551779647,0.10298458210725185,0.758660431356948,0.6249476420883433,-0.2843775013288139,0.09926755350757455,0.07861683698517712,0.10920013605069104,0
2025-11-04 10:00:44,0.3552679889600102,0.04586542609576361,0.6197621318192512,60.795628843341774,1.7981698037165805,219.79477474279244,117.45518003205359,9.945151560501145,2.3716130853155,0.5000116347553661,37.116963069448865,0.15091187584884805,0.11408102655007024,-0.34611795132664946,0.18756126388690442,0.07993791214925096,0.1502144446809731,0.244893835668207,0
2025-11-04 10:00:45,0.5975133706123892,0.06542650882469948,1.390527280739895,63.60211516632149,3.7209129697251653,145.72480399912524,256.2623525450155,15.016812979296361,1.2939669881527918,0.9165658284822922,36.160733469402224,0.10358812344312654,-0.537238727246304,-0.3885120851054178,0.151186857280164,0.07773453470989718,0.13445335266791333,0.07910400446039655,0
2025-11-04 10:00:46,0.38702664565364664,0.06715842857808794,1.0935924535540487,66.8759071115216,1.2887936359167034,397.7450506475126,174.5639205658634,13.018886475308864,0.5003367325112134,1.0225101810855883,36.64208962304344,0.10180436402959701,0.004854574332752826,-0.1945925580108796,-0.6770843318715198,0.029774119731984183,0.03171979418057528,0.07507106414194069,0
2025-11-04 10:00:47,0.5120408127066866,0.014077360879484007,1.1791023191444896,70.13045525105417,1.1226100088232243,378.1002903772886,69.26456978358279,11.254050654715314,1.7778228480930744,0.5546344200009723,36.222085661005536,0.16926378000554212,0.46297271940623164,0.34501452534729826,-0.05652032496312187,0.06426603841904549,0.04078650252876549,0.15630584797590238,0
2025-11-04 10:00:48,0.5280261676059679,0.043715135316382416,1.2891712386073384,72.58829510234561,2.0307315540448547,261.9871390841679,64.6377323109948,14.76680389928747,0.6171297713190078,1.4730781629723328,36.666653793902675,0.0786667180227654,0.9162360178388675,0.36438337851019753,0.10694355241969977,0.17110937526682976,0.2528670306894446,0.08564628132900577,0
2025-11-04 10:00:49,0.31091267331531625,0.06632739241428127,0.9984421989290573,66.37128093423267,2.850491826957265,352.60998831292636,133.5595796740152,16.060487817744438,1.1904238945522487,0.7261253312496719,36.224394046554174,0.17336098821421267,-0.5591079915091621,-0.3695211307010984,0.14057387746278094,0.09449471112294588,0.07954778613991116,0.012635240135852734,0
2025-11-04 10:00:50,0.7817507766587353,0.0552822632722079,0.5869202880874237,70.9338338223854,4.4730900216335225,256.28739318161263,246.2242442778669,13.793827228058463,2.2674412186392905,0.8041987196362809,36.37478995591847,0.08729291218082748,0.7723635442586902,-0.7335801517267426,-0.5797856141752964,0.1310444868754529,0.06653789873460285,0.19800628291665243,0
2025-11-04 10:00:51,0.6650796940166688,0.087084085706949,1.037106541818548,66.22308533823339,3.908676279065232,287.0757064008279,226.92023368522894,15.429311820804408,0.6567240540546646,0.8039425122550273,36.411473025728625,0.0723642900788845,0.8686082283349805,0.26479251293101713,0.48454278450457355,0.11929139530068465,0.15642432086254038,0.15821720822699542,0
2025-11-04 10:00:52,0.7636993649385135,0.06928242684570506,1.086841118020879,66.94241098504025,3.970826084799924,126.73732963480498,247.15374116810162,16.418417386982966,2.598346230890006,0.7304166621173499,36.79274501580341,0.0962580831279428,0.8328410890641325,-0.743348275622471,-0.9496018103578607,0.2640124282499694,0.23293666809512875,0.13920016620301676,0
2025-11-04 10:00:53,0.7368964102565894,0.024664098437328676,1.24543947418433,62.96669451575889,2.7019733377923014,326.58112614904235,179.31726411040233,15.972371680376071,0.5095498066464578,0.5014738220863114,36.77553633318272,0.154864922148225,0.27082871372381967,0.15698501645866014,-0.2903362889136747,0.2725367097130495,0.027964490387906493,0.29042086923931143,0
2025-11-04 10:00:54,0.5587399872866512,0.016351187266038687,0.9316595462296794,65.38383376944547,2.3837399701878517,138.31404509057046,160.04974948887264,16.45994679405709,1.1170596730047557,1.2293447940879965,36.12628478706608,0.033940385294158916,0.2596413088694154,0.38684425611261797,0.5604252970712671,0.15295752178019942,0.1772742966950942,0.17564776334924498,0
2025-11-04 10:00:55,0.7531245410138703,0.06781773503856842,0.6275803027955638,63.241576971918334,2.484155051938411,347.8202890757585,86.86313167657099,15.113191236607838,2.352260140380179,1.4668454997992852,36.51648023329995,0.047319651015683306,-0.19357873363235445,0.4012229927889033,0.12778584211080468,0.10574522559152527,0.04457102842376627,0.2603951575589215,0
2025-11-04 10:00:56,0.2530955012311517,0.012386017948745963,0.7837759057987245,65.12063373511333,4.950598254944231,334.60842630111574,132.04818840232787,14.11315045835239,1.2906753743232668,0.7242934832850451,36.28712604357525,0.19077451687598748,0.5047957646075758,0.5069442213191935,-0.4776751349782795,0.04097220416068545,0.020573704739429353,0.05044056849949645,0
2025-11-04 10:00:57,0.3175897174514871,0.0627198023146117,0.8630822963986351,75.2682089830392,1.16043676564993,312.62340932289294,158.5048415434688,11.597051282154247,0.7547309701650338,1.1630471918034224,36.1224485267974,0.043343409202457904,0.06258803670186386,0.7457188431313291,0.3899062386860954,0.2864868350208075,0.025295746127043044,0.17506987430753404,0
2025-11-04 10:00:58,0.22713637334632286,0.09462072172824619,1.1459172413316012,65.25300555584029,4.468125984489794,110.84811415742864,72.15010741990432,13.630906267805077,1.4005847970010696,1.241896326958715,36.43489488487269,0.11786819040690037,0.35487614245658894,-8.201607042312986e-05,0.13478188831214677,0.027465814021086263,0.251907591380448,0.2617140917519618,0
2025-11-04 10:00:59,0.39519819845795867,0.061792676008829116,1.0707783046689119,83.16191032418695,3.3147016342895737,190.9385067835986,105.15298817780281,12.735130107025713,1.1759832159613137,1.3484253790905247,36.407455163463254,0.1200697486657682,-0.1430841923024091,0.46049837905914237,0.5924872189127743,0.09631858049480131,0.04421202025213785,0.1791006696111704,0
2025-11-04 10:01:00,0.43320637381368926,0.04493529335858698,0.8560967258978462,72.46658950440445,2.754461676758362,178.93377097325288,199.5563235159347,17.25641407624672,2.606779755401387,0.9226291970136091,37.22801494590366,0.10302864778954651,0.4629929280862781,0.23834547073167345,0.47005037237964675,0.09643919833930119,0.023093895679564665,0.21822411165683045,0
2025-11-04 10:01:01,0.3628094190643376,0.06789593965981179,1.4865152487929798,70.92418061847437,3.901030641660546,208.04092224145575,233.91577855979747,13.736171281351496,1.2833697939628579,0.8029309056404292,36.62988794760821,0.13250159722959554,0.6489430352090981,-0.6267201204046349,0.2202158440724693,0.10291637298066231,0.13699096727144455,0.11789263466554013,0
2025-11-04 10:01:02,0.6972425054911577,0.0512427601442365,1.105774819356887,65.70821109909393,2.9466757656988114,126.29282402915156,299.5868778482374,14.184807210176729,2.472331179440018,0.8252951340230311,36.086714749773726,0.053667077901547504,-0.7071274867943678,-0.9486207102611837,-0.023644649378371962,0.05764318454899869,0.2547581068631872,0.03681035994074931,0
2025-11-04 10:01:03,0.4140519960161536,0.05910551103843415,0.7372267917359945,73.50154939704495,4.493692952326642,381.08734690931885,283.2783328358894,14.827228064060701,2.729680362026837,1.2126213330985127,36.33056779874872,0.11500583087758215,0.665859431148456,-0.43091722864613247,-0.7336357486649532,0.23711681496787218,0.08609842918189756,0.14279108558685072,0
2025-11-04 10:01:04,0.3685607058124285,0.09473183278988727,0.6017824726204037,67.12181086881112,4.602807456045034,266.1406722137129,210.64129988379787,14.06540366955868,1.5845435489413238,1.316779466505636,36.806414988628816,0.08071291849691045,0.08059306358061447,-0.11393258732476119,-0.47733396422923247,0.04552437997013687,0.13229665908251576,0.12439902334326867,0
2025-11-04 10:01:05,0.5256176498949492,0.04474923740206969,0.652859139184332,70.6100490732268,2.6868837074938217,191.65729319740706,155.312013323518,16.54257656064613,2.77485785963598,0.6816139677566027,37.12653283186098,0.13571677932954593,0.6893318181804486,0.2342118888573126,-0.16180105416582946,0.1941229311544172,0.021577534443487853,0.26144745288989474,0
2025-11-04 10:01:06,0.2845545349848576,0.09650715074415228,0.7459577283845081,82.80042269134397,2.1073111889402063,219.094455122285,209.0443411770582,13.066025957398322,1.4432951349079821,0.8709410081577652,36.024205006328614,0.036832473240898396,-0.13739658731797078,0.6999186610064108,0.19859857401277736,0.045915347744687064,0.140232769099114,0.08075863768221694,0
2025-11-04 10:01:07,0.6813181884524239,0.09148155777604575,0.6606813732595557,69.51970050137675,3.369401314373449,234.16076215145068,246.412904520058,14.291911182855864,2.9101960412252703,1.40194019674915,35.93602268445829,0.11846670919950048,-0.24191902923392994,-0.6075085665876687,0.02741571043060964,0.030455334901957398,0.17750779338476877,0.2903529259851813,0
2025-11-04 10:01:08,0.24473038620786253,0.02762120213103668,0.6865670240513058,75.74636663142837,4.649453382466763,280.17830000818515,79.58404773084683,12.886294121452927,0.7232238113139323,1.3066935196947393,37.061289552611534,0.045201367522831506,0.8301214650344448,-0.7489004202030458,-0.42363094808094104,0.2737345560689042,0.175563045588122,0.2878600547433039,0
2025-11-04 10:01:09,0.7921321619603106,0.016242517078764892,0.7850951686938471,66.48411787437057,1.8426487560226663,254.70382830894934,152.47622242407206,12.01996623316894,2.2175481662581067,1.4848584027624758,36.61688425321127,0.06294218199185692,-0.4976614649031974,0.926959894948655,-0.9870712844205789,0.06513734223242464,0.10640374073056588,0.08181317649071722,0
2025-11-04 10:01:10,0.6633468615779945,0.019070020123968398,0.6733735952947548,69.82505754751519,3.491866334253931,375.81759196432523,259.9505714089043,13.082346363642072,1.7345351011423218,1.2542482596820808,36.23951218043709,0.05155486206148081,0.6884246505722862,-0.7839108812471858,-0.007521556198372137,0.24816254482231423,0.10150462239230928,0.11093506708842293,0
2025-11-04 10:01:11,0.31922940892050344,0.011639964308639476,1.3967654246264252,78.85400317817755,3.526240880370082,249.08904487174908,145.958237983261,13.944444804427382,1.4691220136391177,0.8931952010279223,36.66038872583673,0.04473917817507525,-0.031958854981191775,-0.04301785978562167,-0.42874802287551383,0.1679429526210694,0.040920849491613384,0.26971116485342667,0
2025-11-04 10:01:12,0.20331327027416146,0.018499866468033557,0.5802337456616422,66.86516471106117,3.932452089661124,397.6474044469938,192.96806780679663,13.35604666322411,2.0817796968715023,1.0906378339946379,35.70927567829494,0.16688508079652672,0.028190885102519436,0.17112745758660375,0.46921660142107013,0.03257839068654318,0.11637151298741782,0.2903204440598712,0
2025-11-04 10:01:13,0.6892768570729007,0.07147060960747212,1.0245113895702547,79.06224278998465,1.5262707405090392,355.42748732352874,196.94234021554956,12.961368530189215,2.259642729085828,1.1610142542473203,36.501012651979146,0.06428443785556916,-0.38306343702103196,0.08274884181487652,-0.952107469459033,0.28707997551703957,0.03885345397315975,0.13859733982245276,0
2025-11-04 10:01:14,0.6241144063085704,0.01640697836142061,0.9103968269896615,73.53875967727738,3.8632998587283542,162.55315430720074,96.11906328340984,11.890523804492249,0.5109081741257727,0.578455816317124,36.598346351852925,0.1861535185542454,0.14608440123803135,-0.8279356859341136,0.16965562261158174,0.08161873842764882,0.23231282396649497,0.10308914323586035,0
2025-11-04 10:01:15,0.6374043008245924,0.03870780672643852,1.4823786169086064,67.18766612052866,4.636130082662564,379.1785643931749,140.5588604130721,13.875341641056957,0.9173827218679969,1.044496959103865,36.77728104186135,0.1942860398155863,-0.3495776074475774,-0.8859461719927613,0.8829484750121308,0.25929715015225585,0.2902195463469739,0.1625672638429472,0
2025-11-04 10:01:16,0.6627622080115676,0.08603877798725092,0.6120389021680523,73.1620386952776,1.7187324354809679,134.90991936564282,133.62782218548304,11.742919438953496,2.282615126585797,1.2093208284726096,36.195831214312236,0.11853948928804849,-0.9214611715166954,-0.7890331450779287,-0.651181465777001,0.05895490167752361,0.291321592433345,0.2094530698460631,0
2025-11-04 10:01:17,0.24442679104045423,0.012094474216224328,0.8978555990457416,74.86277224813365,1.9501732996955106,345.23491254735745,56.5491771330162,15.140083945534403,2.165963533945516,0.6673213040010604,36.52570614842101,0.037170213306488016,-0.4560027893112879,0.17117536774522502,-0.056701018498809264,0.2576434358211373,0.2608706188188642,0.08930760945874414,0
2025-11-04 10:01:18,0.4150794371265636,0.08330216343300423,1.4694704332753687,73.10904981108598,4.885580376166558,214.186988042974,56.04794097283881,14.123659629401756,2.915118762821693,1.2806317174255573,36.22237261218213,0.08116416624212043,-0.9872419131868186,0.08868977526864219,-0.8171560163657237,0.013836355742535255,0.18422972330848955,0.22357722063953112,0
2025-11-04 10:01:19,0.26952143571507786,0.035366929729606,1.3655071258939802,62.14887640054772,1.723907810837959,363.39229613352086,257.92426091894333,11.813672750802604,2.4025944756269575,1.0837727805141117,36.57661512670229,0.16156913003616066,0.9567095741137133,-0.5325184159265115,0.2513638245227052,0.1584163324051494,0.21325105220072518,0.024980633563245896,0
2025-11-04 10:01:20,0.7178620555253561,0.020634834485949063,1.3170720709492798,66.36431412087566,4.4175403734783165,360.4170070322351,118.2677024932031,13.536186384425205,2.876931769328345,1.4522217856975947,36.23139610329109,0.07980423845244339,0.931494419639495,0.2755482836911831,0.10106336119245118,0.23313834803225147,0.09270968277732007,0.024295402901680765,0
2025-11-04 10:01:21,0.5739788760965348,0.07270634488277355,0.7579028270449398,68.76240682224248,2.969111425792139,341.7776200352863,179.51969155970386,12.871765391614126,2.2563512538370176,0.5424222982068917,36.377569748251936,0.02653327147752986,-0.2096894050553899,0.6401350041112988,-0.18526895157433532,0.28109070007290715,0.19292342185005998,0.12202343449220811,0
2025-11-04 10:01:22,0.39853881491158955,0.06660485621018956,0.6708875873900658,69.62783285449977,1.9889242976127082,337.0091308921184,124.68139339719326,14.478761765628771,1.245130521598608,0.765326137555467,36.20125538156293,0.1157891330763557,0.456741708679292,-0.9168420803068125,0.04275404294748242,0.27366861949988125,0.14213836933756446,0.11250722569760896,0
2025-11-04 10:01:23,0.2381350101716142,0.08897248121743477,1.168643219924431,73.10336048775339,4.482999605090045,191.40374172941222,285.16981127883514,16.01067566903472,0.7634123056271411,1.101553879299824,36.6953408725471,0.1705729617842466,-0.30838780317915004,-0.0037401129039151826,0.7931493169380204,0.247691212168817,0.14978502853531042,0.10153363245647415,0
2025-11-04 10:01:24,0.3865893930293973,0.07615639394234973,1.429375989127586,70.88850500466627,2.781221020010662,124.27578491537565,114.82418971644344,11.187241295531383,2.454559658362339,0.7965599122059307,36.757535334997,0.16122601355726546,0.3421863141719521,0.37862082420538057,-0.6074113953778659,0.26757549140177816,0.2297552025087958,0.1523957311739839,0
2025-11-04 10:01:25,0.3951099932160482,0.08231328373463638,1.05676289301393,63.323278206449494,3.0592694157187608,220.89405362954844,157.41420318473376,14.172539118721126,2.1103730536897896,1.214424164071242,36.42961382901277,0.04327339662476712,0.6108600860919582,-0.49537614586062584,-0.9548709765893055,0.06777370889275218,0.09175632312320296,0.10301273887035564,0
2025-11-04 10:01:26,0.6377637070028386,0.035383111531417585,1.0716126894698998,71.90098925502981,2.4369334775990628,152.0573544959526,268.18256262115045,13.75980080665004,0.6204650309832406,1.259005282521931,36.511471398488005,0.1378252767383687,0.8935124893844815,-0.3844581894137018,0.7233297693982019,0.09241344575640133,0.10223148739141076,0.06575479635574666,0
2025-11-04 10:01:27,0.5825344828131279,0.025969558940175053,0.7799790936602842,73.05292872641911,3.3718034057397097,308.4853266707385,260.48339169795213,15.007010114675698,1.400126164752446,0.6025159640664745,36.06542257560994,0.05189581005277295,-0.199575448300656,0.22727580597876762,0.15423416477581298,0.09380087222710695,0.2781461194273046,0.09974616923569425,0
2025-11-04 10:01:28,0.7323276455457961,0.07755532764767725,1.269492933191937,72.7989522396552,1.654095490340091,203.82991796133567,96.52535446156932,14.319794942356534,2.8919995387107154,1.0138544642067677,36.41009700559796,0.05145943156491273,0.5665959659120954,0.7958705868874738,0.7813169109236848,0.11934563999049265,0.02630504550678195,0.29272223911496814,0
2025-11-04 10:01:29,0.4833289550971696,0.08261512653405377,0.6870437485575234,75.4039036277731,2.564326146607043,392.6830602579745,250.6608274489276,12.872046002391771,1.7510028642755031,1.008890555591056,36.484938614887476,0.1760736369279852,-0.46814309873576243,0.6198488406057987,0.19389044682634515,0.12406299441170471,0.1508339465398687,0.12922289092850608,0
2025-11-04 10:01:30,0.27175654756298107,0.0991454627800606,0.8236792364042437,74.16961077274452,4.87764928934115,292.2916232035996,164.54672168447317,13.521419096500074,1.5818228400492615,0.8692807702155411,37.286237927308996,0.057437101020643734,0.9806646075872967,0.16626043819916703,0.620322179919405,0.1679210441498559,0.2747122321182799,0.13896670528891739,0
2025-11-04 10:01:31,0.6279468723337971,0.04713559092202839,0.9254364386164168,72.29590039614219,2.03253373080451,346.7441690903083,170.7422180213388,12.805961214794767,1.644249012898235,1.432924862569672,36.16640989226775,0.06001699583842213,-0.9484608024712977,0.4604434355144984,-0.14065327328970412,0.056365131376268,0.18700527226726552,0.1771980470858306,0
2025-11-04 10:01:32,0.6564710291701386,0.04348162772135049,1.007610378684455,69.64917144270676,3.626946658165169,139.75740182255453,83.36999310398595,15.614010707897897,1.0222068100129094,1.3275063198732213,36.93925317162573,0.010124144244646915,0.2070576130022419,-0.27035505958440265,0.49971986257653755,0.2104615324979369,0.1684580515215183,0.2951688228401257,0
2025-11-04 10:01:33,0.5367663185416978,0.07987716646677973,0.7424097324150802,61.69519533242004,2.3007602568987795,358.60434468178676,70.15037843928116,14.031967473007914,1.421767927161988,1.1972093819096368,36.79905763203974,0.17542711648384837,0.31901196330265424,0.28193105619751546,0.826082933779712,0.05859429639830688,0.082425811976513,0.08006437016637126,0
2025-11-04 10:01:34,0.6625803079727366,0.04067231862277161,0.6148368247392035,72.14809109566293,4.093892502746403,376.8271571540183,231.9848267434413,16.851786028629512,1.4245331399679415,1.2143266357349976,36.584190921347044,0.16059301450973562,0.3760911141482577,-0.06763681774488606,0.14424592744441256,0.09998945981031877,0.10954989182868999,0.2075718120544058,0
2025-11-04 10:01:35,0.4962773578186345,0.09376815930432084,1.1106200424416326,71.03843843581555,1.5234946428733993,246.11857564568078,174.11528808882494,13.90900877927807,0.6308875504686811,0.9617161438131191,37.02758614525854,0.12919249766722882,-0.759224842421822,-0.6201277270848782,-0.6384296988752409,0.15597008787578467,0.25709404058336094,0.21763556112709997,0
2025-11-04 10:01:36,0.5136396976291965,0.08725714766587106,0.7886305532402558,71.35789418597686,4.879284180314179,281.8758813252932,159.2126756537949,12.937389849634306,2.4189190712947957,1.420994521096576,36.61163164178206,0.15255049514838004,0.8770595669462609,0.40347654775451436,-0.46240476993960367,0.2409677628418084,0.17217325821285287,0.1861240808699891,0
2025-11-04 10:01:37,0.4565246110151298,0.04860946246375166,1.0812382214226122,63.61625712089845,2.815158165534557,329.44294027089865,232.37705716309918,11.72942841108076,1.5412610797596975,1.1945954272532853,36.61674775870038,0.038889227810653446,-0.6376334418998344,0.11292927469764402,-0.6027108462051884,0.2244460776392309,0.15927523618946615,0.03568771849462678,0
2025-11-04 10:01:38,0.2152514760464571,0.07757839610123476,0.6543627152742023,64.59471729795868,1.9442018533858558,152.45158817812376,241.37822474777744,11.295290485616082,2.5554497170410584,1.2289810616558166,36.48406380409474,0.09708148297163934,0.24550680647968215,-0.2827568360928172,-0.5062859448085342,0.19720496335905144,0.038878116926608385,0.20629295998999717,0
2025-11-04 10:01:39,0.2647348561959827,0.07790885866762141,0.9811401018548175,75.26576426666452,1.2939869893200506,250.76982293903274,89.7270419173384,11.623796085491765,2.6258700027997386,1.3616909037873453,36.86707066472559,0.07673168359626836,-0.5546478417538301,0.8226783801572615,-0.38716910129792725,0.05517424556824935,0.014648165371985704,0.028587466200490887,0
2025-11-04 10:01:40,0.8377150228240812,0.019281148195233938,1.0325894325515859,99.60444846143345,1.679031620350163,219.59890833169393,202.5562873694103,20.534253302022968,1.029985136746645,0.774071589342191,37.32894077014326,0.027817539988833136,-0.3855671659574582,-0.9581317643465335,0.11026757350637695,0.16864315022851753,0.28946870471924424,0.1828813683694701,1
2025-11-04 10:01:41,1.5636924935165366,0.091229761601161,0.5518235368224269,106.81500697372624,3.0790957942240706,143.91219764867475,83.83852056942138,21.017450046459867,2.1433837054253213,1.307070903866703,36.81229681375114,0.10236479219083557,0.09291708345624872,-0.368453697501008,0.17598325892766553,0.03535948552196678,0.11932598851318406,0.22447854139430537,1
2025-11-04 10:01:42,1.177227177291592,0.05547271352030715,0.8366042781939206,100.28318376130461,2.348012705725145,210.26032668745944,237.8437715072614,16.837618595935734,1.6807045104074543,0.695240602956492,36.60422584162037,0.18494053356510073,-0.16561316287084704,-0.8862372044447069,-0.14700050551627775,0.11943532127102871,0.18493178800885623,0.07118126827978562,1
2025-11-04 10:01:43,1.4102848293976433,0.08438117194969676,0.6344146769389742,100.29756139495746,4.315533463530437,120.45169281564807,214.23878906678488,21.79007662815223,2.7003918448037125,0.8453419522448878,36.9391058087813,0.01761123261963195,-0.6795487980469874,0.5330546324432544,0.23084155964167086,0.12991979378408816,0.033117371224312644,0.25407038218740446,1
2025-11-04 10:01:44,1.8890797687113117,0.038804464092755064,0.5633749704727677,109.38283805975998,2.7235500946472238,107.7435720848461,289.1536552708645,19.033877896633122,1.0393516979411352,0.8356104542698427,36.75998843068071,0.06537757356382083,-0.6581271951583034,0.4042149082275852,-0.8368501487772682,0.02154531743926861,0.2081031428596835,0.018802603604571234,1
2025-11-04 10:01:45,1.09915067497865,0.09059709056465805,1.4899602323899452,94.83955271782627,1.9948570903505196,140.54988674644682,67.2395040891053,20.2935860239711,2.1945330007751105,1.4785254683891407,36.98094262761539,0.04943277787908366,-0.1637104236744007,-0.3372955625273659,-0.8244235258836801,0.08945654884629183,0.28044434552472863,0.2547057304609088,1
2025-11-04 10:01:46,1.2924595076427556,0.045028151086074684,0.822353844974723,100.96120776940984,3.46857994641612,388.93453347675216,64.26368028781359,23.22444125651085,2.0193803056318065,1.3565372237479267,37.37123144040524,0.0552478641964823,0.5145659565510015,0.35132580441414607,-0.6563410792846831,0.2871383455072819,0.1769429233692517,0.14349542468640186,1
2025-11-04 10:01:47,1.7066613662516583,0.010975388633226852,1.3098744458546348,95.37724711294958,3.8271088675417833,264.8588607685051,120.54676867330004,21.793678631731062,1.238253693929582,1.2011698615902597,36.86280950347396,0.18260256485708132,0.7959292936955771,-0.20812554760810031,0.036154996080689505,0.28655345627060996,0.04657344348886906,0.07310050258017689,1
2025-11-04 10:01:48,1.074557798589947,0.09148437787773374,0.7546406547637639,95.65503772567685,1.6681676316037994,389.746648345966,115.42642093397649,19.462938704188335,0.8415022591279315,1.22705676161539,36.98715298560653,0.09893312030451512,-0.8317446754812343,0.5125075828448686,-0.5720106426033729,0.11217484573323638,0.17869924296730824,0.04879566204825072,1
2025-11-04 10:01:49,0.8923758917945517,0.01821580091075202,1.1815027222239292,96.90827876531361,1.6704768651532707,229.7493634990396,111.74469976799995,18.217615549169427,2.1290994011931916,1.062072794402571,37.01740682044252,0.09859688845856557,-0.2137921848811979,-0.09163267452658785,-0.43343119301484534,0.022499031595013978,0.23224069180034917,0.28645907859888803,1
2025-11-04 10:01:50,1.1477017434965218,0.03873822738313734,1.2602278598896866,102.22133771633713,1.1466857077341719,193.5448399255779,276.56364513025915,15.69636919734139,2.3464936453308267,1.447090667108519,37.254529264661585,0.15450937206650364,-0.7995088725542467,-0.1754405443366689,-0.19937432765401186,0.06193753240517265,0.1278607956064654,0.031073020398535448,1
2025-11-04 10:01:51,0.9934655447048053,0.09550557703457245,1.0956387406078443,95.21251378336522,3.945608060262562,251.84255885207324,112.38654996237653,18.56169336151516,1.289068359408375,0.9962587528823615,36.325933199804616,0.0393535187609359,-0.9668150387348042,0.869459830976602,0.6237322480207597,0.12374316009572663,0.26515294690302565,0.06773709178141844,1
2025-11-04 10:01:52,1.9156371828110876,0.09555464322438005,0.9715761885501584,112.55756125573521,3.6552181104872203,231.85350658987304,117.98743153215774,19.57773952234461,2.1120815100557846,0.8805177098698945,36.81798991157041,0.10258041727900964,0.3234373652879132,-0.49824180021859954,-0.9722757281742798,0.2848561124110766,0.1981180564736357,0.11086848075558332,1
2025-11-04 10:01:53,1.7697444554773003,0.06160940993109576,0.9118409141472685,91.05392697780496,2.8985235029992555,131.69940527852316,239.84956560449092,18.02564094569763,1.4878272690287582,0.663035336931591,37.06338510768384,0.09169719068300135,0.20489888393317557,-0.7591053200068691,0.2987576404732448,0.05094772842578363,0.27078218630386874,0.18986810619872493,1
2025-11-04 10:01:54,1.5600845078125083,0.06686534909528194,0.8488682665429953,98.13128355838641,4.376681795876788,292.24789440706184,162.434960612635,19.73748606581539,2.2830172082065445,1.2862056522610579,37.36002368692806,0.12341303120386467,-0.6739617723702276,0.16908622651891636,0.3377530620813707,0.23141959466378154,0.19081654026172779,0.16799231473006854,1
2025-11-04 10:01:55,1.8457527082252612,0.05036009697804879,1.4295291442478257,95.60268941725825,4.222680611800213,164.81145475287988,244.1776392387953,20.153703765917538,0.9980381872351327,1.2344439320755916,36.852429265748135,0.19991596361758335,-0.5323743338138718,0.9386436245683578,0.5973115607132731,0.0415179364186607,0.04807351188139902,0.04643661279957106,1
2025-11-04 10:01:56,1.7644064922789373,0.03638896945282581,1.3306194077877291,114.46977884353733,3.3414174575870086,285.87638646934886,66.34153939109632,19.550288036383844,2.725537506590436,0.8843550385241349,36.43703418818744,0.15619528987558895,-0.9525844927109632,-0.2443215725456267,0.8655058781206264,0.29456469744347025,0.09981059622050484,0.09402111528408223,1
2025-11-04 10:01:57,1.023884070663243,0.03957980908329244,1.4650269106665126,101.96554776511574,4.4730851220530345,295.06032771944604,171.89279841834608,18.69999483835308,1.2185239911639494,0.5251934139592294,37.18591343378984,0.08559448357331116,0.6698944113888075,-0.875926472742437,-0.9597243021014203,0.12066878474164913,0.0685205349932125,0.07923801361494698,1
2025-11-04 10:01:58,1.8710707981879733,0.07052666104693346,0.6242972234855447,110.31844539468635,1.823364840147073,145.60745593859443,58.40340004582066,20.337309343933455,1.4194649693903822,1.3389973277180107,36.80939128335231,0.16723507993206893,0.9493811920971029,-0.3213894653808651,-0.6924325889735676,0.23481801628072624,0.2735596843378901,0.07192742780219899,1
2025-11-04 10:01:59,1.447210690298781,0.0777137076493912,1.2308674752036444,85.14439626963028,1.4476784775909115,118.40488813320044,65.66330086383863,20.883881299138817,0.6452298802008745,0.5114179834540736,36.64310000227289,0.042434589029371236,-0.7290809264106184,0.011863308639116887,0.7723425881119861,0.10935141401522822,0.23051601951336997,0.12923185757919622,1
2025-11-04 10:02:00,1.768928186196875,0.08124211393532638,1.4383404568210378,102.67050265869258,2.0789984460679585,334.2284758205319,276.6093633361028,17.819201845114307,0.778780530803191,1.203699779629051,36.812696383086035,0.015788100398702425,-0.5370495724694038,-0.6761539867355726,-0.08296287562596927,0.1920239743760545,0.20615552698390174,0.2141691212515805,1
2025-11-04 10:02:01,1.875309559908192,0.08106563285150985,0.6812330661656602,108.89630795623437,1.2283474243572594,237.94012713079604,84.81134277939879,22.82186475949254,1.7896547567808203,1.470257109726057,36.944642392703244,0.04884519076821188,0.7368190478938681,0.3162044361129841,0.129181277866927,0.06568466457461064,0.09728023269317028,0.07306135034299842,1
2025-11-04 10:02:02,1.1816041699662367,0.018208549274382133,0.5664962673667775,100.82283989275425,3.124678112004128,117.44913865164274,183.10517056880428,19.802823735431478,1.1689816918199287,0.9376613281482035,36.818576600638536,0.07467819566170933,0.8529275959123697,0.9954987780204012,0.32605440744629477,0.052346095596119135,0.06337298389456192,0.11633687511386459,1
2025-11-04 10:02:03,0.9320623094332121,0.05449782742323234,1.241120649290059,110.65480375065351,4.746422769179846,398.45989515093015,152.77390065017664,20.037699245889694,2.588700564355486,0.7349734049959528,36.33833018287028,0.10701034391731637,-0.16074523438637933,-0.09652104803711237,0.35813320899127477,0.28203860047475804,0.22937081551678443,0.12336605378393704,1
2025-11-04 10:02:04,1.07352219505033,0.015180288401497986,1.074473113179912,94.82711549899628,1.1573741626740386,117.33416829890999,136.83583156471067,21.416428846513114,0.5367334716373846,1.2048710100433817,37.26911985906614,0.12687453670282797,-0.8987550554618517,-0.2905428865395747,0.8634808066330164,0.2761177105922857,0.1475058043049331,0.29317239353626895,1
2025-11-04 10:02:05,1.3125293463515075,0.059457599409136204,1.341828776758272,114.0934744018558,1.4884396560401072,308.51056865756595,274.9583364218181,20.466432262527004,1.4477351216798404,1.3171281420155851,37.38246251238362,0.18301508627074015,-0.9212163326143612,-0.19859166633106673,0.9938988348233393,0.2673659926617359,0.07547897012368243,0.28685324349492997,1
2025-11-04 10:02:06,1.7816177191069917,0.04973774512360394,0.6397723766262895,122.9889812361925,2.808796113133741,395.10367757902407,55.455849193872375,21.90627326782649,1.3433638669227317,1.0464303160778474,37.19545659740185,0.10687226181458695,0.14789973213802088,-0.7697076432095977,0.4403149218618805,0.1913757005483121,0.18882037366792978,0.24203989899810202,1
2025-11-04 10:02:07,1.832876699907612,0.08989337644824698,1.2952673118598903,96.37161439560342,4.73550007011162,171.75403126477767,215.94742154389726,20.57424833040365,0.5483190772940025,1.4670352752561462,36.658694298872554,0.10524237247888858,-0.21420978221364195,0.7665472028524476,-0.42555758158969836,0.24439778125272069,0.02169681712015107,0.08008108703756368,1
2025-11-04 10:02:08,0.8083425566374289,0.041582351129687084,0.7016273200477445,95.54497478599228,2.264624419907002,142.67481060615884,290.84860855338763,18.775125250719125,0.8109209975012756,0.5516687216579611,36.93955253981574,0.019546171866366605,-0.942695144844691,-0.17034868895729605,0.7595048045886872,0.030020711704298722,0.10458937369719351,0.02973082108658421,1
2025-11-04 10:02:09,1.4128967630930789,0.02053603147848453,0.6636559428657045,114.533844771177,3.0289392347535697,136.41548182672867,190.0420458654605,20.723007050412203,1.534106687296588,1.0047955983045282,36.998043605431164,0.016633195004682525,0.16650478462511353,-0.22545117715031737,-0.9015581709184768,0.10708882214829694,0.14588152843142904,0.10190219993898117,1
2025-11-04 10:02:10,1.3008932037785348,0.022869251384755228,0.6642657979309929,115.79572145730712,1.1662914362015684,190.98254427027865,284.20561550827296,17.712547585358678,1.7321614611186167,1.21845394732255,37.17963831686858,0.11472039276411068,-0.9773949268219551,0.31938054586094866,-0.5378382942510076,0.1009739061795753,0.05290791689172769,0.08737041933581094,1
2025-11-04 10:02:11,1.0665293725648763,0.0785359568545725,1.314574720231382,94.77139972846732,1.5933728038483554,130.313743303194,63.06446982150594,20.217119411553046,1.5107243681371727,1.362640471149179,37.20050214661543,0.09325393651718546,0.5747439162985459,-0.11593315813775296,0.7947714349274297,0.19433714336625785,0.29554979850134344,0.15671848204245423,1
2025-11-04 10:02:12,0.9438384408004195,0.0656396256984635,1.1651972206962,95.79813182904142,4.946520491835388,307.64840250823954,154.69832976854036,19.933540018711078,1.8273441960302346,0.67925561190779,36.77974786036645,0.16944427504625675,-0.38713435459325685,0.2964669376156921,-0.4876169711212901,0.11322775430648574,0.07063823573098812,0.23554109391966,1
2025-11-04 10:02:13,1.2051382056843536,0.019101040851051125,1.0230654247691193,97.18215391139493,4.860474785744183,118.6875394390188,115.03944774051278,19.58376628545492,1.9878291872642038,1.3000034817636814,37.02459866692407,0.040529121095250586,-0.9194839939815358,-0.877107419738425,-0.5586978807565031,0.05306696667666743,0.047802407712547006,0.2589136522748688,1
2025-11-04 10:02:14,1.931491644695023,0.01756961255034977,0.8588304841235025,86.55549488965723,1.0197599237376385,252.82663844493692,232.70524124518244,19.74292497712214,0.5248095528195891,1.0527070757185453,37.13718412138457,0.014744615802239423,0.17670444196630664,0.6274466874444549,-0.7237494137195055,0.18297545186992767,0.06902511342719996,0.2550105847690474,1
2025-11-04 10:02:15,1.1878435184249063,0.0730872218313208,1.3772005408131083,90.81348053515802,4.807247141692956,399.00905615589306,295.3242726243117,16.236301909004723,1.6602378986337598,0.8965536819899632,37.43674669664403,0.0953173659067239,-0.20463117113389062,0.8810079057588052,0.718223515293833,0.24617133699403362,0.23302772861632,0.11430591275468964,1
2025-11-04 10:02:16,1.4225487460920392,0.016548670572777417,0.8924451074226354,89.95859233247933,3.5564797512620014,344.1910808518056,114.13251561106195,18.902550184518077,2.9087481022189707,0.6317150285790936,37.211351961947415,0.055120925782928924,0.947600826714299,0.2975307723187719,0.00011651838217341393,0.12081581339339222,0.1333966411888344,0.20929795960359804,1
2025-11-04 10:02:17,1.6436227506742136,0.08396740533613206,1.316599439471577,92.32202434895872,4.4716731780800885,284.56583146930325,213.54365036851863,20.18568980228223,1.7975807003238717,1.3652957589089123,37.23671700621266,0.019426730934379115,0.08839732500740438,0.9091318577176215,0.3497864061083096,0.04835792737855969,0.17397062252823603,0.1007219172820238,1
2025-11-04 10:02:18,1.2363555228551528,0.07356180044408465,0.9391349085702184,99.65315112613219,2.8189594225354364,191.8760862359835,99.52440818993503,20.319712783994802,2.193855668647383,0.6572732081797154,37.025147988378805,0.1476736745010495,-0.44952163792598343,-0.6971353712600734,-0.5218672318499407,0.06703957722071868,0.016092655526044615,0.027662607538202988,1
2025-11-04 10:02:19,1.9661384992651527,0.01732139025777098,0.8769444294249076,102.3421473253652,3.062384114317001,287.16875088749157,191.33256364290247,17.944649718148085,1.279659644792208,0.8097878592090992,37.42313774356105,0.03120266999187702,0.41887772926794953,-0.045167621039292616,0.516080842022433,0.07887015849912135,0.01998507948626122,0.21345392702485327,1
2025-11-04 10:02:20,1.9549367539305336,0.017635394267667272,0.9626797856696064,115.50500492814076,2.9553863210276807,258.1124391734955,165.98312167208405,22.531415681729403,2.4349784453819066,0.7900455319624369,37.12292883878785,0.1255807050014766,-0.45701599491457734,0.20361346789089452,0.520011089924197,0.0969703019684155,0.1392894094498347,0.012849990245238476,1
2025-11-04 10:02:21,1.102138754990437,0.0987975620651058,0.8013778741641421,90.0164595926121,3.6674570301844174,227.82501516711145,293.00133240788426,18.267650303571,2.4323037046902876,1.3714140341908543,36.74167362694793,0.06339945253170894,0.8084865828151302,0.16347329484237338,-0.37480395018339974,0.19641057044682964,0.2468300205284708,0.1286629503629617,1
2025-11-04 10:02:22,1.3966982070708625,0.04368437161805083,1.2476093801762511,109.84322398476584,1.5586050190252516,139.21311302205984,202.13181817411663,21.938914401053474,1.8032401191353473,1.172702994208898,37.421010991037555,0.042964249567454184,-0.25055605898524713,-0.19707644182191353,-0.1786347339794343,0.18427419051593852,0.2667192748251939,0.10551998809760195,1
2025-11-04 10:02:23,1.1610539717801236,0.04335779323602019,1.0027203900924793,97.86011155774491,1.1198943594907118,365.98126457214,137.3765930217047,20.85438872374337,2.940034558198034,1.2966813971913722,37.20937098176171,0.08215278935467031,0.09973712555241043,-0.32383118126747723,-0.5806194451395983,0.21186315985444135,0.035144904602735665,0.2110794861704672,1
2025-11-04 10:02:24,1.1418085932529611,0.08315196105317524,0.7322126951468173,99.50536290347567,2.2317197663647637,234.93539464639676,78.52394622198335,18.707545380312393,0.8138755369066335,0.750467898792499,36.86708679366146,0.1622746974823612,-0.8988537923515423,-0.7463519548991624,0.9531220466458086,0.11512557551413881,0.16612529960929662,0.23221118710050986,1
2025-11-04 10:02:25,0.8442643368254394,0.09525237196454729,1.3995745732745686,106.74819492166604,3.818723050946587,158.38675354622953,87.81170718373363,23.550621785219025,0.5423691622239525,1.1248740996069988,36.856152109780226,0.08449777961186881,-0.14775752409553844,-0.21651509887544362,0.29120515411682324,0.2489593190451937,0.27483660902098844,0.0981874444316723,1
2025-11-04 10:02:26,1.5314772007758761,0.09874009574405838,0.8838912213732114,88.77277978437701,1.8074138084917934,210.3278052631869,106.32923248780878,17.61272633648704,2.42539552939274,1.0717459831437486,37.08897266354223,0.1526462333501006,0.6647270793219899,-0.6746783697890297,0.8690877614310311,0.06918542173517048,0.12251209877538703,0.24537183418900751,1
2025-11-04 10:02:27,1.403214827874634,0.07780403667330475,1.0435528611139886,103.82409746184051,3.6937297332996692,224.2389257586781,112.7416653350745,21.838308347220003,2.5178888434122064,1.3328303767882712,37.138955438580275,0.03384239639183863,0.6112976107266839,0.4687313529844368,-0.39322891274173366,0.14602181678026466,0.25057409111422685,0.09523586054643078,1
2025-11-04 10:02:28,0.8617745014999872,0.043863362697782425,1.4064721109645468,101.66452208213056,4.879648184429081,348.2613686700623,262.65401446028443,22.001164636085957,0.8005180728014406,1.4060870604812605,37.05918767968936,0.15682656973636505,-0.5513628822929475,-0.58233812901082,0.5637818259937795,0.24227222924701478,0.0487717397758365,0.13943464439610276,1
2025-11-04 10:02:29,1.1343757570839337,0.01751506450288019,1.124237995913992,104.92451264008149,1.3756028631576735,320.08431416842063,190.30569707063123,18.65875958184671,1.1639570823965153,0.5121567714773868,37.093392602032864,0.055017331732263246,-0.5478418579788746,-0.8828693894309323,0.531717287769484,0.06224600784245958,0.2812644020036616,0.22083537283409885,1
2025-11-04 10:02:30,1.8899190631599845,0.07994322243346931,0.6168980407083641,102.89168643907819,3.690408472900505,330.79146809240194,180.8477278435916,22.784930600128657,0.5438809084165723,1.1740199190587925,37.50998721237291,0.13870469467888585,0.6346106244264735,0.10473227563446863,0.3833113037330831,0.041860302984827055,0.22791276208407776,0.21094686647518868,1
2025-11-04 10:02:31,1.087474268800367,0.06025638247622246,1.439832123613475,124.55300139910895,2.7750008772182846,103.30937932859416,78.69221796730437,19.499906970802094,1.2332715269514116,0.551835799119729,37.32146294567047,0.11749849541978931,0.860796840338651,0.1904594654388032,0.9312779505336009,0.26626835062951704,0.2829869739082015,0.296336856970538,1
2025-11-04 10:02:32,0.9738738465094677,0.048179980832227874,1.1277080530714179,93.62260015748684,4.472569017510022,224.84619945392845,265.03492333735875,20.577387258559714,2.4328546847966788,1.048858665077356,37.05719067737951,0.1865374962702206,-0.8092781574539929,0.743826122561011,-0.2128893277873689,0.10944960220016679,0.20621899773022687,0.07529669702262023,1
2025-11-04 10:02:33,1.3873433123330756,0.09157189465852625,0.8349056146570861,94.69003044998182,1.7085991577895436,244.4032454905971,230.70357580212092,20.52064367754244,1.7949013192814474,0.7876327290436782,37.28239317423024,0.08359127841530967,-0.09988272114754948,0.15396322483536373,-0.7385653528204854,0.20832233622361926,0.11538714027983382,0.20207219492647888,1
2025-11-04 10:02:34,1.982780544932721,0.020007773407553622,0.6392720726633873,93.76859473575236,3.770503808904658,105.75768304691701,66.91709047500039,19.731382517058904,1.3702389829207202,0.8067765995221412,36.69024282894174,0.022571385878543685,-0.32509144207154206,-0.30903829255310855,0.3434177184881215,0.017351095236542158,0.28207254003216947,0.18680775339997543,1
2025-11-04 10:02:35,1.0904663258138005,0.05433625938617733,1.2940251892702959,94.44522880839746,4.35246115859244,177.94396262351026,226.95877430744216,21.621616546319565,1.4293482372658257,0.8529585034523566,37.119378114984045,0.013639542254738051,0.7413769109148787,0.606023763052641,0.45861960095441234,0.21011359763874038,0.08991436512966175,0.2753785518021087,1
2025-11-04 10:02:36,1.6065626568870544,0.011021828029067716,1.1200727559285135,93.62612872693482,4.778456877896093,328.0869469366405,185.8845543356615,21.586977441104427,0.5033840642886704,1.1212924490496101,37.54279190491993,0.1671031265848231,-0.8329501706399625,0.08055778637484212,0.15012114691762934,0.10166938034862144,0.10633003139790242,0.055345021077013765,1
2025-11-04 10:02:37,1.713943538394461,0.05217945777947137,1.0334610919763216,111.89016531107552,3.7329921131585833,141.13291171869972,70.43133643669456,16.502936053523637,1.2495013189130897,0.8340499656687692,36.93458623138229,0.1096997711556721,-0.5777481148839252,-0.8414394307376165,-0.5863642137332075,0.026164847540358104,0.2132344412205047,0.22802146744021054,1
2025-11-04 10:02:38,1.0851650527908796,0.015067294811365362,1.3938925830509576,114.20504247989855,2.9886990560337092,260.5930394357775,164.5751603821641,22.608680485756306,2.1161468540948265,1.2326990505902804,36.74570982141427,0.15729636984864037,0.5049366751729887,0.1317011206264933,0.008911883338710735,0.18684570084895394,0.231941726862362,0.17479789871794282,1
2025-11-04 10:02:39,1.6738596183342316,0.020693612464126473,1.2885972112245307,94.29253706250523,3.4713889608048554,164.56056160517124,171.17407178251176,16.675016023928652,2.935486109540893,0.9045273855738697,36.804373333422085,0.05454086400218779,-0.8974123020375688,0.8160370908433248,-0.3756205268617412,0.07983310666122023,0.2795270103162546,0.08965310223849256,1
2025-11-04 10:02:40,1.241339759263104,0.020577362209939443,0.6516748797327512,91.67644426895771,4.475619937914873,103.63623239316799,91.44363504081895,22.065092408683313,2.6176520674597485,0.5683532003099586,36.67311008879728,0.0755659116475144,-0.014929238571421477,-0.2073747490035589,-0.14506694366662187,0.12217410019504518,0.06939269862630075,0.1475861251026805,1
2025-11-04 10:02:41,1.5587669967122952,0.06842892719044573,0.8117220677955482,104.71415556386404,3.2824389865553187,172.36043727986242,286.4245367500706,22.253410273655167,0.5589874116138228,1.2837598424841072,36.76457142756169,0.015719735720150597,-0.11578593064055998,-0.40734839620039986,0.2904371516893278,0.03336843556308894,0.24141943021357495,0.10679521315024135,1
2025-11-04 10:02:42,1.5602356529130736,0.07714403913388809,0.7484891398144657,94.47776955719029,1.1215482387873474,392.7621264730161,262.4938428701655,17.818067139569603,2.7464015116870986,0.785758324592706,36.88884757042299,0.19268354166908133,-0.3311976420225027,-0.7130610859639599,0.4904294853816691,0.05267734281753414,0.22417835548511938,0.17800088680865364,1
2025-11-04 10:02:43,1.4429296208897102,0.06250318885874437,1.243946292572677,106.32931817755511,4.723794782027911,340.46113356489684,217.25558433227707,19.17837142409083,2.457996033246565,0.9327668795992626,36.57832989424641,0.13689490227315457,-0.21085536936215243,-0.6971089561292854,-0.5355506181973138,0.09641339829379468,0.028500421313543384,0.2678101771362531,1
2025-11-04 10:02:44,0.90834772406529,0.09659552936270878,0.5335324347357794,102.029230208513,3.7581070041262445,387.87299329631,165.5738902501518,17.788590663028128,2.450940308927451,1.1854438832219016,37.004685500184884,0.1873089666742682,0.059881173860465875,-0.13445703131636222,-0.1893492787060933,0.03603025516244557,0.12229471095096,0.17509844547953857,1
2025-11-04 10:02:45,1.8023629947070856,0.04373835215713337,1.0698896848713164,84.84255885002769,3.706053543108986,246.35621317790873,152.94138539612715,19.57015793942253,1.6449893975089287,0.832456157148712,37.270683152135994,0.06044431741152374,-0.6772652832232338,0.19135964832305907,-0.46167685801674163,0.2741396167590314,0.09200198254742858,0.19319950131470937,1
2025-11-04 10:02:46,1.184936077966083,0.03571408776536747,1.2624586857406905,115.47505201330061,1.8627006095908687,132.92085960325105,212.74336678773855,19.38393143162852,1.495013232386257,0.5565856561467156,36.727673145955926,0.12617808613287557,0.14399175656718555,-0.8387691896607965,-0.6027367722762618,0.01175364252335374,0.09830222306266881,0.16043687566326573,1
2025-11-04 10:02:47,1.023822212479825,0.08817392153705143,1.3767656367617493,117.95877673095522,3.635541880930629,264.3878466921079,186.35796735172636,21.55932106453868,1.2572893220829815,0.8739210470128136,37.45578517709253,0.1389149939756012,0.6108646585999726,0.8791371780503314,0.5667744399916768,0.1503194634706503,0.29505459507086323,0.024837996869188014,1
2025-11-04 10:02:48,0.8489301698657168,0.030123625466750743,0.8420817487159075,93.87211309515614,2.575457622616634,236.31320036798826,65.5682764704714,22.620617492239216,0.6642371473859144,1.4444485826943034,37.15323762655828,0.0703344430489418,0.5203218595803181,0.5102672348903918,0.8185053888739848,0.04574176285843992,0.19640544990917908,0.07752898149406733,1
2025-11-04 10:02:49,1.50907153182589,0.09669002854965503,1.3212573046720129,96.12298440064016,3.6049319081659683,353.3071248218848,178.12566219258292,22.791367621579912,1.0705884087342477,1.141734397298558,37.30917417568722,0.1711407546529697,-0.6922001906124526,0.17324783656732534,-0.25953562863084656,0.09922693594860506,0.21812608576011489,0.152680501535304,1
2025-11-04 10:02:50,1.613077234210739,0.01109390272208347,0.6106317369552072,102.85865390724905,1.4263721212319629,129.4247742352734,251.60090430820986,18.875663946843396,1.1165090874450616,1.171479148667207,36.80264963384436,0.1899606779510471,-0.7015010605170522,0.6568773418779816,0.5025578487475337,0.278557272347297,0.29321911482135266,0.09996823228596437,1
2025-11-04 10:02:51,0.8199053947134274,0.09728909440368752,1.346452291734518,103.34456789987026,3.631381218412144,246.47234110653346,164.80996939923952,19.581556252510943,1.710192674275504,1.13228215363764,37.25635756811999,0.17812247236224082,-0.46365126451017336,-0.8396264863757734,0.7939905787288222,0.056891420449456186,0.11938851691271521,0.06271144335074631,1
2025-11-04 10:02:52,1.4145116699591371,0.013884392075551852,0.6274886623319824,106.5854427267283,4.997654903082666,145.0145994081953,62.989144388567105,16.633123615558098,2.3686110164917347,0.6989921389594368,36.672419829881406,0.15042272542848079,-0.2778505473179256,-0.04632224453375122,0.6922484210604631,0.2900913727183164,0.2425336488513137,0.1561985241563471,1
2025-11-04 10:02:53,1.0717949302375256,0.0902028802328264,0.8972872905603673,120.1020453876635,1.1928481554422241,197.402778067018,246.56954984600827,18.388259867007623,1.6845245709948666,0.9183338641022801,37.26707425025095,0.06271828914774126,-0.1830888371830348,0.2601862537233268,-0.6343732229215482,0.06968036932693229,0.13601397935830364,0.10361484009987658,1
2025-11-04 10:02:54,1.5742073484913397,0.05749309981776699,1.2972953657795536,98.2305277250595,4.908696736885269,321.20712321633994,100.34094553399359,21.929703266194917,0.6446111236179015,1.2509397983633184,37.05155180193806,0.06350704800007002,0.35939443366669055,0.6573058122365785,0.9125837630267226,0.22505417145538056,0.2621647648263441,0.08485121652029026,1
2025-11-04 10:02:55,1.0092397148059897,0.09936683165073704,0.6499174273487738,92.01702755461547,2.6276318428914824,242.80543881062997,114.65520872200969,23.231165647096464,2.89447450247051,0.6013728975531591,37.165975365995436,0.19303846088474721,-0.8866391356683292,0.5669391200985354,-0.24664711914107507,0.1685364068202204,0.06239068698027792,0.14455577105771042,1
2025-11-04 10:02:56,1.6291252857229592,0.016641690826185898,0.7292513952326415,86.20680771985472,4.483013801349037,212.7664855437308,91.17658835807397,17.531302256240156,2.856810797735281,0.7778527760897123,36.647321618312546,0.011954054227781485,-0.9306545915478672,-0.44586150057320073,-0.32151867765232733,0.26649883100306015,0.2848289913486411,0.04865243484383021,1
2025-11-04 10:02:57,1.264082415560645,0.05984688559611888,1.2222525683930663,92.69069960058081,4.129541936233094,218.3428835710106,132.5537662178744,18.81507148169421,2.462973857871021,0.7763191084658536,36.731479047317016,0.14604949491600747,-0.21617887411218195,0.8817603391184086,-0.8751373454444393,0.17065804409590798,0.0734437954391551,0.2790462625918681,1
2025-11-04 10:02:58,1.9240759864840815,0.09723722820571891,1.2200365365460744,99.66873027126204,3.268065043946671,237.834030521796,239.18787642215875,19.947188486082148,2.9783197539105513,0.932018927594506,37.17916846547602,0.14418677088549983,0.3943273842759609,-0.7513083171382593,-0.027652691790233996,0.1650221735553295,0.10460394702447014,0.2616336083965793,1
2025-11-04 10:02:59,0.965025132975192,0.0570788059753134,1.1411476328852972,117.94557863517788,3.953796837005306,335.50496315111707,179.84646487598434,20.560322317639212,1.8612058320006573,1.480368740942185,36.71549559873274,0.12831101278046153,-0.6131293140870349,0.7502672372423043,-0.7819727687181426,0.06668282010683596,0.22929574789096632,0.21520996986475524,1
2025-11-04 10:03:00,1.2092796212603103,0.06664587743217364,1.1939484444671,94.82388700963828,4.514062245205391,367.6254066820703,101.22031853767814,18.380792960156707,2.9069208756330154,0.5675025466838219,37.13896188762973,0.19812068075650452,0.2830089625125034,0.9418804992092371,-0.502920358145148,0.05820651499498103,0.12418899105396793,0.0408020100006523,1
2025-11-04 10:03:01,0.9361682254887069,0.07261738200861555,1.0427244433475962,102.23787951638899,2.616561286604132,386.60040595117846,269.4575195380102,20.84812208892818,0.6890126015418769,1.0187009943805951,36.58985865806193,0.06925709279510779,-0.48034372411940107,-0.6456929535547489,-0.36611475646543723,0.2757818538234991,0.18638129926226954,0.23500440379621096,1
2025-11-04 10:03:02,1.9096323419342753,0.0509086958290996,0.7517990589069528,99.83577103927247,2.308132646252955,336.0710158765885,269.8954637378823,19.052321305858168,1.4142018706534283,0.6793646820122105,37.2544522638,0.07459465412071715,0.7721722176270327,0.44413212840757055,0.6176526469833681,0.10507307766650986,0.13892631531013427,0.2443076251516155,1
2025-11-04 10:03:03,1.8528072240571771,0.06648022720756572,0.8456959935039194,111.88393273448084,3.670373542254339,194.62206872440382,267.64460626150174,19.971095458243443,1.0634531700169145,1.4706765454097441,36.63024300556945,0.024998486559845552,0.791379888533233,-0.9194289624440031,0.750977300791793,0.11790385393923981,0.2252872817560367,0.23265173913715792,1
2025-11-04 10:03:04,1.1095299532581868,0.06258828807307902,0.6815977168014257,125.26932425873622,4.231383767765035,306.44041182596266,109.69905284538481,21.0925684960074,0.9895827103356751,0.6133035047274642,37.165689981303856,0.09413164594331011,-0.405425591437347,-0.1891543497216901,-0.39506736507706064,0.23034886094423263,0.07621606318689714,0.04305010726457994,1
2025-11-04 10:03:05,1.5919808552410148,0.09110422094418902,1.4084505613336282,94.6913122707968,4.049140539106463,231.2809372166176,162.80983604524704,20.012844539621877,0.8520073722316902,0.9036010023615912,37.1876892800938,0.059599219984621137,-0.540012492073519,0.032566598395348034,0.7173962424891478,0.10825880990261412,0.02695281629869433,0.19673330754965176,1
2025-11-04 10:03:06,1.780666640241459,0.014090174230731209,1.0833917947661205,95.10560557481777,4.191254595434538,176.40118661381536,296.24741403521875,19.12722821894686,2.0560341039149916,1.237884984834606,36.79096845447113,0.0752434734137524,-0.17739205586753748,0.16129045181926815,0.7144618747395821,0.2860981095253108,0.0969795252671892,0.25195419076732556,1
2025-11-04 10:03:07,1.466240973919355,0.03528668706330073,0.9008514167636399,110.44160877069072,2.742333259251732,352.2614738277768,243.0031190774976,19.780780392148337,2.4533046393682625,1.2045544280274454,37.174607970125415,0.16856864014856926,-0.5189368296397026,0.871874496497119,0.529301900769747,0.2239990530096521,0.14754951281184478,0.17743248635370362,1
2025-11-04 10:03:08,1.4355806940272078,0.09553703356689029,0.9620058036441327,106.81891489626311,4.2713368647000864,111.5279046886975,56.791855306389955,19.82327408158933,1.9457459985509016,0.9227286368939323,37.07813267900006,0.1877420575702242,0.3447676865834073,0.34450137458838936,-0.7066097719696369,0.1832544803462918,0.05872581513587678,0.1974581388161458,1
2025-11-04 10:03:09,1.090222749080542,0.09012374055018248,1.4472833396118152,118.46707325736034,1.4808362214824338,370.5285976406271,66.30114781512302,19.259977940235746,0.8674067739705242,0.8465241679527182,36.838347443142176,0.045289283680985275,0.652129369096571,-0.037444097561526,0.38064569380145796,0.2654595965579782,0.11289121400035271,0.1429254090336288,1
2025-11-04 10:03:10,0.9117233213670791,0.05100910775071417,0.6533514031160802,105.83928185325964,3.177956391843398,238.44323938742025,165.98284420308318,19.482407874665796,2.527809424833677,0.8976123785528706,36.69743359477714,0.0807766969951585,0.346184261822434,0.6193500725317787,0.8900481291611375,0.02438571342135,0.12599507530513487,0.16332512276637526,1
2025-11-04 10:03:11,1.876658909543992,0.06581193380213832,1.0862298320167971,96.40707909212941,1.0230346419924863,291.16044304248413,277.3050514653901,23.197294341009435,2.089886767909321,0.7642762631586393,36.41121229249823,0.18643980680192487,0.6487008944986989,0.9010656419088179,0.36508095753431413,0.08454818073487053,0.026643634669599327,0.01996928892200031,1
2025-11-04 10:03:12,1.8805016685959965,0.034964306468301946,1.005888678884466,105.9065483069231,2.298343319601081,297.8061766617348,184.67544948817854,21.121838895882476,1.4704142653174888,0.7053329387067998,37.10489501418991,0.0217436075309523,-0.20601567558505174,-0.9558677026354183,-0.3367663017843321,0.1448605369240639,0.1791591019734193,0.19529927637225253,1
2025-11-04 10:03:13,1.5597217487279216,0.026930904375138523,1.111454235434648,111.08703580582907,2.4658461394855915,368.53532221196093,174.45312700857255,19.40903936394168,2.1853257388401577,0.98303969755889,36.53055916859138,0.027548500341161915,-0.6873660585822783,0.9650425445120774,0.0011586348616625664,0.07582377644674108,0.26645959411167336,0.03361969173843617,1
2025-11-04 10:03:14,1.206835749258441,0.0517328564445984,0.5181101838208405,108.20482181197364,2.5846907664370216,291.00090465016217,76.36842498915765,21.39390880902147,1.149762448107082,0.7685337560676073,37.028603259832394,0.04093028794918358,0.4759018947951843,-0.8277357218726393,0.29145008670210726,0.22573250431762407,0.054005444756385204,0.13615423235866478,1
2025-11-04 10:03:15,1.2190514895351932,0.04180170052234476,1.3721239089441515,105.07274031107298,3.7818688267594487,284.18007542801854,214.1950261810735,19.33236102048798,1.3629805212355262,0.7874616648972501,36.92096553517533,0.1230904384841062,-0.27905098971689224,0.6287735585375227,0.021140817457007133,0.2765703290055803,0.18336432388643906,0.09486997832354827,1
2025-11-04 10:03:16,1.6711468146442874,0.0625290500665785,1.4321182824836125,110.66674689589154,2.554232405081383,119.99561216820699,255.52579015005637,22.34624927517328,2.7937146078299757,1.156756063474557,37.203742832631455,0.03858973149113952,0.342541650458265,-0.439330494897175,-0.7600941165380604,0.1328933347799678,0.20277436942414542,0.16817410556139678,1
2025-11-04 10:03:17,1.8765323119430926,0.016996117326848637,1.065133183589209,111.69295590445672,2.7947744904901226,255.52240658356124,145.10500187689058,20.73928438439619,1.226261264178551,1.4685373316998922,36.90938635015304,0.19393451247563936,-0.45871211603646866,-0.7356406844922565,-0.3758719106959587,0.10921845403244952,0.1316070573215936,0.048690737301730055,1
2025-11-04 10:03:18,1.8645037091181407,0.09769553268995498,1.1966508238768923,113.82158991037527,1.9501765234973099,145.0507002451125,243.90296273133185,19.78539571199154,1.6749706703948415,1.103637200559375,36.90116566409587,0.09487576017911886,-0.8375407303866547,-0.1202887205723302,0.604792061107265,0.2888497123198942,0.21331830033563828,0.21057658657226228,1
2025-11-04 10:03:19,1.7358506550291486,0.09875896700316426,1.4224993811772957,106.48709887589642,2.4930071665173603,321.23013061644565,291.11916347520287,20.895433851620556,2.7253528434900365,0.5769794670649663,37.21956121128649,0.1052884124665316,0.9851635909755267,0.28791315889522706,0.7228360921910348,0.13900720551998685,0.12911214761239348,0.2405533457092564,1
2025-11-04 10:03:20,0.8778284815388588,0.07283455426177707,1.2072386343133985,83.83017343778202,1.909078509052606,253.66657624380235,100.94161478192228,13.1724229262767,2.2693033756688186,0.575583613854067,36.80051740872524,0.056865137003027234,-0.6875969841388014,-0.23809630995304998,-0.7253999345688595,0.15182403613029213,0.1563448135134561,0.05737279042551538,2
2025-11-04 10:03:21,0.37572596849554396,0.05824867297097084,0.6525390429142613,86.02699580503327,1.2927836950737746,304.068333762506,180.83240779868532,13.97181855596235,0.6555080654117569,1.451423220845566,36.79484678715484,0.09948244796259936,0.9768419879269621,-0.8908691834346021,0.9047735047974492,0.11197846297915254,0.012132382920783825,0.04025079533204583,2
2025-11-04 10:03:22,0.4454658426851523,0.0378574854657695,1.0762883601668132,93.44556276555849,3.4137943735255116,112.50187018071529,121.78448952114388,13.8509349884817,0.8682576106974258,0.7972907903073336,36.84078027694256,0.1357635902010322,0.9545598651328946,0.19892227931743323,-0.34235476430278133,0.2737690571735201,0.21059883309905975,0.052199490008334154,2
2025-11-04 10:03:23,1.1086987696743713,0.08324155177362538,1.106715046382856,79.28145030308934,3.672851194220065,125.43760481374096,248.21360475845984,16.25729757057467,0.519603976929792,0.5920669860824754,36.23932836303787,0.15272365602126814,0.5876362078160793,0.8048065522213494,0.32462747746143994,0.17499709015173673,0.20178937689397008,0.2643669929505655,2
2025-11-04 10:03:24,0.8457861536936309,0.07162580552984914,0.924130671302386,87.58071316211031,3.477961384038458,314.8970164188047,194.39834147028938,19.118526999073165,2.0773044755729084,1.0990445871503816,36.9270366039961,0.15323493571488347,0.31884592416399515,-0.2335692681054966,0.5036502919133623,0.23103063028267695,0.02113625442463992,0.1631748859093433,2
2025-11-04 10:03:25,0.3082773464549667,0.02463552454104022,1.236444235624723,82.24662831370847,2.8539761752022894,121.625300799602,208.64560438757593,20.016340263146738,1.6191835635260459,1.1236487782902662,36.88374063820408,0.11979931141187677,0.1556141005021694,-0.5673344447383459,0.6238924692757668,0.24542394832175704,0.11679253114458858,0.14550568884217574,2
2025-11-04 10:03:26,0.39132438857942886,0.09198344660444582,1.4343670147690148,85.20121376054372,2.5191431207169193,121.37701832957758,249.4785399039735,17.148491982593363,0.8356871272556888,1.148504820118688,36.39499506142705,0.1818283572488329,0.7322030907556694,-0.11484530813436922,0.8914994044518603,0.10913622215600487,0.2939192338295835,0.040946427539682737,2
2025-11-04 10:03:27,0.8971515921972502,0.08402835186308522,1.4255685129067763,93.94916303825109,4.4533345982873005,103.63254257046623,148.99261816561372,16.901520054900022,2.8948353026419262,0.7674020278575413,36.62677585789774,0.1653074909881608,-0.4211209567610241,-0.9032745779024383,-0.3741609039423548,0.13577135608291022,0.13201360314489888,0.1983712419595189,2
2025-11-04 10:03:28,0.3045554254615968,0.09548199219627317,0.9508393714041321,86.33769347613932,3.076327140544872,386.950419489844,278.7725171017608,12.75809607852507,1.8241493098640498,0.515110684214475,36.68820781371171,0.15383914179273883,-0.06463757503024592,0.6409751689605496,0.717012909103109,0.2560568145778167,0.1555641674882341,0.26171988164957605,2
2025-11-04 10:03:29,0.4447272462757488,0.0753147557549524,0.6132380458407553,85.32505583709305,2.916727510518924,321.25250783770207,183.257216811535,15.023187160478761,1.104733235282223,1.4650153694544719,36.659650964679486,0.02056504911928752,0.23877993873300385,0.6526816219003735,-0.7366261931275859,0.11534405198598496,0.27387974586631836,0.25017390210380136,2
2025-11-04 10:03:30,0.7938604104299274,0.0652073676342211,1.4848411989623345,75.48100701314057,1.1025682632257428,205.97542255061924,89.488705708837,14.58198924656517,1.7515089278867688,0.7508930456911025,36.800157989970565,0.01130681282173337,-0.17761904826101782,0.17600092685925683,0.41008181270718547,0.24024118870103686,0.21800594400106935,0.19155586560443236,2
2025-11-04 10:03:31,0.922705677923424,0.0476418732661557,1.338898086445934,90.22377496219055,2.3649913105046254,188.96067438629657,223.97477954220062,14.882474323147992,2.1990508318377695,1.1760262880525474,37.12941003454936,0.05036498266713987,-0.14502709181946405,-0.29379422212322104,0.48395545902797177,0.28288777354658673,0.17880033802602482,0.03183082782898535,2
2025-11-04 10:03:32,0.8867651335523403,0.0939455635018612,0.6246626812032668,89.51838926798753,2.5207824751434282,204.91096892375487,248.3153376095636,15.697341126547379,0.6905980449339112,1.2066298698787095,37.02453001830185,0.13606948284355594,-0.3394306649958312,0.5995667288915667,0.3554464824026409,0.19073100818972202,0.24136335758891103,0.04259513788104376,2
2025-11-04 10:03:33,0.5018423785145038,0.08794575005503676,1.4208418826173723,100.14278306313822,2.595291123587602,332.3960593543545,129.19041926688166,15.15023696014517,1.18675953761973,1.1100074170794856,36.30633424197058,0.0881275228876837,0.12846363336907207,0.10937404957673436,-0.49537052772969403,0.22507191336104776,0.2606662172722322,0.024299606261849155,2
2025-11-04 10:03:34,0.9409612992127823,0.014069680309557048,1.3698963620621283,82.84555235532899,3.320689476909329,298.4111833211243,264.2948142496882,12.437260341323583,2.517413727209984,0.8129073942136482,36.88662099709182,0.08645718926686922,0.701149056030232,0.6518646171000324,0.7460862940304067,0.2434782204919291,0.1424975408038074,0.08466897278281608,2
2025-11-04 10:03:35,0.5135241787471201,0.012373027704752682,1.018838057126072,86.53405229364758,3.134410186907514,155.5586703602404,276.5358136914416,17.34623846101156,1.649162176006653,0.7710962537640658,37.09867999586063,0.17807150876362662,-0.5969432439873743,0.26291758516604125,-0.66228307325921,0.2550614981800263,0.14778142583023227,0.049341825476509546,2
2025-11-04 10:03:36,0.5928597283433409,0.04388170301902447,1.0912754357449292,86.74568578597528,3.4316203711737785,152.2328006002253,119.22612184445224,14.06906255366835,1.8664428550807373,1.0976682827027031,36.81604255620676,0.18015694114504938,0.8688660775068828,0.5688109464255946,-0.8927304169583383,0.12456546797847082,0.12195477133903236,0.08541393167320582,2
2025-11-04 10:03:37,0.9718422646062217,0.08294979977036496,0.8990027038701303,96.04217295834432,4.059533046168513,129.5186949140192,295.8803681788055,16.43064435540007,1.5820400055236732,1.3660956336116916,37.02729412755579,0.1827433001701813,0.37817530749645933,0.19712598643551993,0.4349299812238243,0.02486640316103947,0.29034478060535357,0.12166683615849887,2
2025-11-04 10:03:38,0.884669609142493,0.09885485163834501,0.5547616388220313,84.33293127329134,4.251942954864374,298.09081591040143,85.1778820121896,19.73334880554995,0.6097498566075128,1.4467337289233955,37.303681133710235,0.06963683453785519,0.6465464253600604,-0.17171786356866758,-0.04904856953453263,0.12654411865865445,0.21217821374420162,0.28346500738062935,2
2025-11-04 10:03:39,1.06430106944476,0.023537520199317537,0.8351972416459009,86.95315068039237,3.8724923049059776,329.31179866652076,100.50391710062249,14.345107735144438,0.9143744495503898,0.6059058044037576,37.0071128638321,0.14130060442045975,0.11238138526002328,0.9158917198522751,0.6981960399173521,0.20538930663738603,0.03413468920034096,0.1870090573366907,2
2025-11-04 10:03:40,0.891851603070309,0.06347176438169216,1.3028534485980114,89.25527556801578,4.822094783819739,179.5139284975012,96.05620980950653,11.445482459056606,1.6138540968547272,0.6548286125977199,36.77479257869252,0.06161030444213023,0.559033402848127,0.08222764975768948,-0.2332057178834821,0.14060161187642992,0.26025829076077533,0.25214239784805903,2
2025-11-04 10:03:41,0.8114777430019244,0.04428017709679194,0.5046320230046029,86.30626386209451,1.0729303307054465,106.28348830927385,273.4974275019676,15.4851924006158,1.0229636635198196,1.4447362587830797,37.01352654222543,0.046215868284145464,-0.9675992053210656,0.21017903708107677,-0.6634428229845744,0.22719931374951557,0.14936238284251774,0.21600193520657635,2
2025-11-04 10:03:42,0.3843072910452832,0.09729229580331429,0.8334991716911442,81.8749646981463,1.7831119427341844,124.65150024292821,213.57313808124047,17.981727342997427,0.6249475716491968,1.2365352283347926,36.74346634992907,0.045080166896000154,0.6367608495590704,-0.5590247211705015,0.6728843849397395,0.1135249045459125,0.029938632862521367,0.04262590785272321,2
2025-11-04 10:03:43,0.63094422275349,0.08579070308221379,0.8981686935909433,86.35862995028815,1.0302514999125685,390.35801045350917,88.02607080556822,19.52502541759707,2.6091241601295594,1.382993824829773,36.70717091298549,0.07500044796408287,-0.919722281829267,0.25130157885455295,0.09781926328014334,0.19407580092016857,0.1694180039973602,0.22341691784844517,2
2025-11-04 10:03:44,0.5386821309135529,0.08544958342400241,1.0373956029379228,92.5154222490184,3.589898856618412,188.63343324322608,160.08085459208723,13.78681072998565,2.9529813229102895,0.7026326341353432,36.594575729285886,0.09169194775816612,0.779826752725725,0.1432152989658877,-0.6216084152192902,0.06406174340765262,0.1309776409029536,0.08977867565214608,2
2025-11-04 10:03:45,0.5195906790411752,0.052182384381547334,1.4198556164127605,77.81439290412258,4.592122195799948,330.7669443514401,203.82450626745052,16.89405860182574,2.4828571849918486,1.0875858711094017,37.16902400764963,0.167880342500463,0.9839254944772866,-0.6303232041059501,0.4407679971728915,0.2273171366270375,0.2645473274101612,0.19534127562846484,2
2025-11-04 10:03:46,1.175709499277201,0.04733375521038987,0.8463459943659613,85.93078771902813,1.973929186305197,287.39907065627915,70.86602124734583,15.162441177795904,2.6344623042616675,1.2011395944174736,36.4544714002174,0.0327793077598153,-0.41186507564644437,-0.8808258052937126,0.022227276979001065,0.1682518309557775,0.06915843504672234,0.10887897235646667,2
2025-11-04 10:03:47,0.6537879522000843,0.034606636473763566,0.8469532018962277,80.09915429542579,4.708138179185227,214.58189189586875,270.6040921018347,15.809292962252556,1.1049428257926135,1.1801118854469728,37.15971031740344,0.1496359110050299,-0.5793628874284127,0.20871863942954216,0.20862596448063964,0.06917867267851416,0.24967473675273305,0.29932495634675116,2
2025-11-04 10:03:48,1.1028418996594018,0.01507379469858344,1.2375012481097483,93.3653264024739,1.2410695611582434,161.70617865866654,250.9008838603838,20.75981802463066,2.9015674387829993,0.9081516908666981,36.849959237122114,0.11097643369596802,0.5307267277160814,0.5273845387006411,-0.07820332358683624,0.09465424031436409,0.1717297204437813,0.08642992905406556,2
2025-11-04 10:03:49,0.8680247633975364,0.0878250138629548,0.9522179408898072,74.33769166651358,4.737744107222057,136.41592544782193,176.30169339415954,13.294653408888724,0.9923142611335709,0.5153948916913085,36.28020814755942,0.06470961510843858,-0.49394731815949355,0.04680274184401645,0.6574179676360128,0.22709652548873138,0.025836987931906023,0.0909478365245382,2
2025-11-04 10:03:50,1.0153301731874835,0.08316109082170699,0.724604822939982,81.08754706909887,2.4064907489585377,284.50389041166,291.7816538147926,16.456731390690233,2.8785745259045807,1.0829260568042631,36.810294787897426,0.10363572106123667,0.7311247663444069,-0.5464547493607086,0.6591254313660997,0.149954358341841,0.29183513738439054,0.2798949541130955,2
2025-11-04 10:03:51,0.7523733837946729,0.09997459059575176,0.9524395161326934,87.64048312545165,1.405683313796866,332.3901341913364,154.44024481877494,16.84184770917778,2.9870482349148775,0.7531015391796088,36.06999204770452,0.0669889932576343,-0.7943148156850466,0.33304395338606985,0.41877764364877246,0.07264911771399093,0.15865842078992798,0.017146877344533573,2
2025-11-04 10:03:52,0.8192134961637232,0.09969731533665149,0.6408570203797999,95.95866820464039,2.9434870367453025,293.1712760623392,296.0275797591245,17.954415384890826,2.2793070143651217,0.9502542461428903,36.887652405049316,0.12325557149527813,-0.7480896072412835,-0.8397885467807955,-0.7891972452070755,0.2905086452073863,0.09435428772715891,0.2120398064832271,2
2025-11-04 10:03:53,0.7432659244369775,0.05998885350423648,0.6763869865062233,84.53974817248908,2.0271062708820318,259.0906399747475,216.97999970090677,16.17636967624761,2.952859329479555,1.4575810150838173,36.9655694448967,0.09243034534249639,0.9583031102012312,-0.11633259039609078,0.6777077238081377,0.2173862557468975,0.14612798417688486,0.22034465331340464,2
2025-11-04 10:03:54,0.47571868901824,0.07920886736624595,0.9983677727394797,81.1136033131476,2.1394916078476913,112.58536702949088,208.66781831348536,16.554490971107384,1.923849448917759,0.8990353176424347,36.52229321330439,0.04123705052498696,0.3476777965400093,-0.6732664832031596,0.3420259610658196,0.28756910143654085,0.25877875722007176,0.2525497874490158,2
2025-11-04 10:03:55,0.9502069037353547,0.09502891568941853,0.9189254495045479,98.16809948608413,2.2291598597051463,390.54663327831514,91.48872382394626,15.295032578640775,1.1488544579402258,1.3398016066644267,36.73706430878668,0.032150784165582376,0.6937744488579056,-0.6310818978802333,0.394048332008599,0.13386046315449954,0.09842190607166841,0.2925874000851578,2
2025-11-04 10:03:56,0.5526951261967702,0.08646826516096703,1.4148459010681,74.86390269708629,4.212103591330654,339.6142574963724,270.481939576161,16.484428494241193,1.5924897141640522,0.6885406057492511,37.28624723012509,0.11387217959370473,-0.351341245296964,-0.5954121016835927,-0.27403431919225674,0.14777909880059895,0.06587615498114309,0.2929245565554292,2
2025-11-04 10:03:57,0.3218843697883084,0.03226132915688779,0.8623938991166331,69.60835830365943,3.156645106701018,187.84661101028942,156.87242198015377,15.382253904104662,1.983902338446965,1.1724604980250288,36.54827598872142,0.18145847632435966,0.35296749904120883,-0.2265858859120442,0.7585591123140134,0.2704070126936555,0.04743066160995562,0.028930259694274527,2
2025-11-04 10:03:58,0.880925066316451,0.05054897217790842,1.0805883502780436,88.08010115037332,2.2452307966240146,393.9910988076552,90.55835144561985,17.118829401740893,0.6827039050675374,1.4770069544389435,36.38232772388302,0.07535196044596025,0.1884836546171944,-0.8976995887592047,0.45074320046971494,0.16226430867116154,0.09637922553316125,0.24833340359834172,2
2025-11-04 10:03:59,0.459399611466344,0.021624347363634548,1.1322642879195304,81.48562042953172,3.4413351332436735,280.56447689089663,53.15187999393976,15.334701395121458,2.0558581615431155,0.6018931008729368,37.144499020738785,0.14927002037229842,0.206300240245894,-0.20441311814180363,-0.7748190669416111,0.21511088445264348,0.2362139452416126,0.19742988076064058,2
2025-11-04 10:04:00,1.1464127259176227,0.09586459245328502,0.5130944565883336,77.851370280085,3.8646026968927742,274.726797462174,189.93892090959565,16.678780709023936,2.9529445919057364,0.508319942227192,37.28877615715924,0.13514565743855572,0.36506491907544314,0.023414894229401684,-0.18444393118767466,0.08313013447370368,0.1467716459066259,0.19772921896819645,2
2025-11-04 10:04:01,1.1585357193023285,0.06455571710057921,1.1635373720167106,89.95849513109548,2.090496002934135,324.4219538288596,181.84990553066908,15.94732693536704,0.975269124459319,0.9335827926326143,36.701108701554354,0.1869954337188014,0.15071834625819713,-0.03341143006734959,0.7727607239202834,0.13955067592376577,0.07596966507112658,0.04722147871826149,2
2025-11-04 10:04:02,1.1233779511984037,0.03057785249531165,0.6780359668697514,86.7066049963984,2.654196406101406,343.5309364270413,229.83840559228963,18.026890451389903,2.4814877907209585,0.5926254830513672,37.003438910622506,0.1659863932868368,-0.1418752613946681,-0.23443179919391888,-0.905606596605242,0.04580046108500298,0.058193649886827264,0.19855427826923946,2
2025-11-04 10:04:03,0.6331428302298999,0.07045306159652712,1.461070317469455,81.0514495848429,1.4875443733477902,296.9435821994508,272.5645132544505,15.907491297540725,2.7697469844490485,1.2483843496762312,37.102442774659266,0.11765499919203797,-0.4481546112389063,0.678293216141505,0.922833239284099,0.06973421040431887,0.10649154818800993,0.29491994837436186,2
2025-11-04 10:04:04,0.3139109548759807,0.06563154164121063,0.648662727753113,76.03786920930374,1.7245973981387213,138.42872390986003,69.85164616075738,12.808541557227613,2.859253982050552,1.414548663848559,36.477254730238485,0.1348357946644804,0.537162661826404,-0.7093466151589918,0.3583251366391256,0.010273590427613015,0.28257806813685554,0.2744273851664396,2
2025-11-04 10:04:05,1.1354867063289527,0.042234644622955654,0.9146241237270237,91.10720129796101,3.7244714158599312,201.4802517983495,232.8741225850906,18.271458701285184,2.9003390110136182,0.9340209727087588,36.554408249389645,0.18069342865096663,-0.5474551399936276,0.01139348756274794,0.2627519552867532,0.021386864978111465,0.10947774665110706,0.13734789163340666,2
2025-11-04 10:04:06,0.6853657334855828,0.020220183297966612,0.5853496680786439,89.55140824571063,1.7257533907825078,378.4250920978149,96.85298602439556,14.369681858447287,1.8036490968036798,0.758711642155441,37.06926235394642,0.0859085690715176,0.38470861230882836,-0.8759171660868914,-0.4588814870240172,0.29341230872130947,0.29655598202684424,0.02158491225296736,2
2025-11-04 10:04:07,1.1699893371393024,0.07044158760335197,1.4968742518459472,84.30576895354432,3.1006535346682407,167.38468355315558,264.544263289291,14.823220590432124,2.9432697699787593,0.9344033190066098,37.205504283612555,0.0720909941129777,-0.5333343547013467,-0.8576886422441805,-0.5024164225216459,0.08028257158966105,0.15071683217195328,0.11506511210005939,2
2025-11-04 10:04:08,1.1672579793803275,0.056827693081341404,1.0021950103312425,97.92645897233366,3.8361850468897307,211.650107151254,254.76587846541403,14.927809670721714,2.393275517836097,1.223447817850001,36.86886425805231,0.012054105890687304,0.2506603399089078,0.1477316993541926,0.8841164389771909,0.20236010575616056,0.06195753630414375,0.249653190364161,2
2025-11-04 10:04:09,1.067708509920624,0.07950865525620754,1.095385017320044,77.50940663571693,1.4275076923789753,229.6230648832588,185.1984387463861,18.473988567707472,0.9041785905924047,0.509054161580371,36.436055693949385,0.16704470409637823,0.49415653425805783,0.1320368497756419,-0.4034550915317545,0.25333891265188735,0.26843062662011774,0.21343473942489816,2
2025-11-04 10:04:10,0.5650040028626271,0.05681471510007941,0.5670764773884275,74.32132380352682,3.269248878515614,231.82149690833566,227.56069965582788,12.155786414838348,1.692250266169925,1.089453989484697,37.29611833350984,0.16218633307663935,-0.5625722221869216,0.7560670256889139,0.5510105934379987,0.16969153317860364,0.1435030582090998,0.14320966012224737,2
2025-11-04 10:04:11,0.6465879557417327,0.08669633502866861,1.2499604703991778,80.15664351083129,2.026251134805455,283.88187474835763,128.5875282959371,21.647947360587988,2.29582793843001,1.113291684887379,36.54070873065641,0.02984635843902876,-0.8801133982773834,0.11574735132014635,-0.2137564035858417,0.05441190502434729,0.21580468961631208,0.02597944519606102,2
2025-11-04 10:04:12,1.066023004365171,0.059671615489703705,0.7099055930955858,84.68089788551151,4.851707500950319,382.9227513234123,167.79197473320366,17.900902256318894,1.1183507895477083,1.1376882468959355,36.59945866564857,0.11960290241521304,-0.7380525140116518,0.9195820408097004,-0.721491858430592,0.22115376682748825,0.295276359130654,0.13379947106875775,2
2025-11-04 10:04:13,0.5852298046406499,0.06048441743818477,1.3980542894407137,86.70337614525884,2.934182586879699,172.2078135497515,255.40922442761791,16.401830045432487,2.1015379588722185,0.7420220799808772,36.80270135034689,0.0981565226517086,0.21199393454205095,-0.9026103032001405,-0.9785694046092821,0.1840729089288791,0.02455085159279246,0.1460172325181862,2
2025-11-04 10:04:14,0.45254347201748324,0.08889882423925105,0.7051396404820072,83.31134759500569,4.223970199100632,136.4504128902754,164.81629929330347,15.901190798890685,2.1665011976165482,1.2140527233781269,37.166248126214434,0.03255472814673118,0.6988928124514711,-0.8039846304385179,0.08851467403050162,0.22206267091073878,0.03804142233839447,0.27928110453929944,2
2025-11-04 10:04:15,0.801121136212515,0.04631345795911574,0.6906877206636666,87.46438777560007,3.200906168625047,159.2411469579812,139.44956633136044,16.51399733474378,0.9067493595214147,0.5913914863317764,36.95619279296567,0.19630796314153748,-0.9100063575291513,-0.9118682768592372,0.9515576370978653,0.23322652062855528,0.21893245502419928,0.19591497003882624,2
2025-11-04 10:04:16,1.1425392967447028,0.022061370560557667,0.5365496678480949,76.23922403066689,1.1736501314192767,366.07747006278083,173.55311181257497,16.93802037108281,1.9127132811318908,0.6992703364668008,36.82445965010858,0.05079221861803754,0.4683025180832925,-0.62944629933292,-0.26172761238159103,0.29286900662857607,0.09172925095568688,0.10037934582984817,2
2025-11-04 10:04:17,0.9264268170074756,0.012590440868200508,0.9720669451099992,95.10635222851282,3.5326055023760894,293.74324379656184,257.06231310930457,17.161388054710102,2.429067277446519,1.3774700466544818,36.83898655903543,0.02277449421720662,-0.31736270809989575,0.08254022188335619,-0.2856153320139103,0.1763333512077459,0.06344740511552872,0.1623422966907092,2
2025-11-04 10:04:18,0.8130550530804284,0.0779623530106257,1.0648411332626164,84.42494175125202,4.805613368826628,185.77203677174805,133.80201184271817,17.000088038806208,1.7472391613398548,1.2387231507265664,36.713054400593045,0.12302100210536282,-0.042943260160954955,0.291144362854856,-0.3118167643011158,0.10907592268027452,0.021414945147721555,0.02915603926842642,2
2025-11-04 10:04:19,0.38745884439369166,0.06582785962181183,0.5657086394283524,92.82107082111689,3.4064472805853248,344.78408169058514,93.44039828393595,16.16124522625945,0.5302577919402686,0.5137455540113453,36.867441854355555,0.15038466865527622,0.8577190996911312,-0.9088296841026624,0.04108767460971685,0.19805472150106876,0.016335546475998525,0.2920447883384237,2
2025-11-04 10:04:20,0.8535065040292527,0.07336717912893012,1.2755276166950105,87.39907742464393,4.276755437707161,358.4109989090308,228.0035050826952,15.644790843446813,0.5225961726982304,0.7483762603698002,35.941131976691715,0.016164254748965524,-0.33605699052830906,0.8919417796911986,-0.1186702331514129,0.029847805680361578,0.23460082490473935,0.11441737155991052,2
2025-11-04 10:04:21,1.1910484650938369,0.02916677453580197,0.9532888347480276,88.19727253407649,4.536825853393632,353.9543016070834,256.49455317702046,15.727708089423679,1.3925733599250305,0.7144064829931646,36.61101776227906,0.13515635135813422,-0.0693261321210279,0.6843307533007621,0.759829253454029,0.27024522231326004,0.0489856939371695,0.14858153292480938,2
2025-11-04 10:04:22,0.4260756137128716,0.02227343280280928,1.0243902693275801,88.98837096162542,1.91231908779573,375.67796009186634,75.15936963088333,15.649165095365174,2.815485171079455,0.7708063280369726,36.77239658047504,0.11113545643077634,-0.9726351704786378,-0.40677503568581375,0.011041583446980585,0.044620493288077066,0.14563897863163375,0.11303235252870754,2
2025-11-04 10:04:23,0.7664966871273631,0.011309019910109373,0.9407627469382281,88.1339599201212,1.8481793596329066,175.67230605200848,109.96852818898618,18.040786174360715,1.071691949009022,0.7475597702798864,36.35469577491415,0.0296203516862592,-0.8368025599903233,-0.8456249395470641,0.015515676377137577,0.10507442298688728,0.18571007640205006,0.20792840173369803,2
2025-11-04 10:04:24,1.0896357647351598,0.041552880292593734,0.900763060875326,89.49905931907281,3.443923955403967,326.5125786238835,85.49299744024847,17.06840210010555,2.085909222179218,0.5625262957428457,36.81589699534347,0.042779536619808795,-0.48281681773043195,-0.6602258535618855,-0.7232568105588868,0.24656616038157506,0.1342220221649654,0.20204732591558197,2
2025-11-04 10:04:25,0.966691755978784,0.06309259181691698,1.0596403313082179,94.30406771092701,2.644113879226819,238.161849182242,136.98535289554167,10.707300457604296,1.0551896767333013,0.9589405165968203,36.63865863370417,0.11791511649005529,-0.9442955183578512,-0.7461111724900547,0.9654790818207719,0.18322058971590643,0.0178609291775076,0.21744347005344933,2
2025-11-04 10:04:26,0.9273141668957412,0.045301964058975915,0.6552402459307125,86.37564818791029,4.359445211466881,352.59956586701844,162.58774472635315,17.18062139775357,1.3041749741488715,1.2327334747861651,37.22664270949465,0.06630794656752478,0.26275065209650195,-0.7534324414021063,-0.5000542182623406,0.12415430088045819,0.23721543575049356,0.08776153658745703,2
2025-11-04 10:04:27,0.9322356755883983,0.04937274298213562,0.6819281304952711,89.96302630311959,4.600092493592045,318.54720314848396,237.20658424082663,16.350525150493795,2.62010522400371,1.1067317247174364,37.17190591756446,0.18827998844375007,-0.14720328639675495,0.037123377331467866,-0.8532718650807947,0.1472963412187562,0.013048835117079511,0.10154385953757912,2
2025-11-04 10:04:28,0.6235420360977796,0.09137428250443737,1.3617856210135173,84.37185013998942,2.4136855172108724,332.93423394991737,212.78689622041853,15.966324238397384,2.3221536056748673,1.1728716685980798,36.560258329264556,0.16556064360196965,0.09629040545604406,-0.5083051150131994,0.3262924979504176,0.25781874402863225,0.23094806936947035,0.0463228570179003,2
2025-11-04 10:04:29,0.564232659838044,0.041342992032097035,1.4461154621336327,95.0808205081463,1.9474822358979282,296.84855130432146,205.2321418696078,15.300666784440006,0.7384981932830266,0.5811491785362392,36.65474868652999,0.19687776923759598,-0.6507056282073409,-0.2837205669417111,0.19073274031374532,0.10860127195736871,0.26905830319855556,0.20009789183537266,2
2025-11-04 10:04:30,1.0284250399306623,0.05625905402438298,0.873309316279753,80.26525388558511,4.122102060975447,153.22863084091205,138.0937366524136,18.023402895974826,1.571755052466084,1.4514907101767873,36.677815730317484,0.05933745940057866,-0.40813594112676777,0.9790106667686449,-0.16970869201450856,0.2621984085955297,0.13552357710657997,0.02154116692733924,2
2025-11-04 10:04:31,1.0291020552112626,0.08052877114670288,0.7707446731435538,97.6065830303757,2.0992241421925444,263.5080756690815,260.36188827118997,17.705547631821144,0.5729244091131611,1.3384918338430247,36.56450215715211,0.19424749023161564,0.3276489497054502,0.3686284978506895,-0.15561553223864388,0.03555898498324053,0.16530731719836148,0.18332787730180314,2
2025-11-04 10:04:32,1.0803650867220933,0.04568885040891432,1.1439995432390158,84.7188943454896,4.290457274054713,395.40092185735244,167.82179184954114,14.608820197917504,1.7022253665075224,1.3050903184956626,36.75850749520844,0.09193443526039599,0.9306054472607996,0.8979613340940027,0.5701278420928624,0.2352715467905029,0.14832518385911958,0.2622118066069738,2
2025-11-04 10:04:33,1.121916497300824,0.06598780302050862,0.9087341710980964,74.98457428517366,2.6949530145950513,381.2164199491357,294.7762345037886,16.732694116824163,2.15608502925267,1.3229838050417675,36.47251537933373,0.07602857110961338,-0.8991664527955816,-0.7148868899337688,-0.6085747198007019,0.2557888135858735,0.12287049940079724,0.2683413230039937,2
2025-11-04 10:04:34,0.760208158974844,0.08761273378720708,0.5253863556603449,85.89673090437553,3.670199597165882,112.9521207391035,208.5355345739342,14.251017877825685,0.796256558995379,1.4327105081327614,36.36081539951874,0.019566410124177116,0.7807686417105322,-0.23572105033486146,0.6405066378897795,0.06272711932282823,0.26735311525740446,0.1402209505072889,2
2025-11-04 10:04:35,0.7513646652184796,0.09545685612918779,0.6561525973661904,80.23263839767583,1.3821412553386727,149.44444471883114,81.56618539112569,13.516687303379925,1.2222123472729143,1.0442539661136978,36.886813367170085,0.0200253989933245,0.15376240262241692,0.10946360656470855,0.2974942277900363,0.13480049438793812,0.2692407180942972,0.1431980695817914,2
2025-11-04 10:04:36,1.0184656610700975,0.023236613283613414,1.2159722288473975,90.88450484292107,3.495437298706292,139.51863203636856,219.0443905188585,14.871908995738062,1.4945915637553924,0.7002820178676259,36.88885887526654,0.1414821386298644,0.12783913351124743,-0.846483876222524,-0.16206045244095124,0.057994934652460126,0.107386745746045,0.03232106307232503,2
2025-11-04 10:04:37,0.8849675376999886,0.0933928862645345,1.1589239419101514,80.43163214488327,2.8070707149489165,317.79397299558866,131.27600385792476,17.552308250288966,2.7988275616401244,1.116783607852541,36.45870527210201,0.09700650894246529,0.0005570704155206663,-0.9916251127440843,-0.08394276683226276,0.21491519740832316,0.18837022866426242,0.20452185737848036,2
2025-11-04 10:04:38,0.931770189531933,0.054290466377158446,0.5270959925034835,81.87671596749654,3.3464338527018964,345.33559895708356,221.58179917152435,17.715625081676954,2.98313753855741,1.242881493667939,36.96860662922878,0.053039108946860085,-0.8612118281916332,0.34086866759383505,-0.4867055856278084,0.16525085273788045,0.2788031930223006,0.24816523190812517,2
2025-11-04 10:04:39,1.016213402492491,0.03324199494690625,0.7219721619329494,71.77321488338129,1.6720568309794537,164.05340989320158,67.41028704060143,16.923553756175128,0.6122782474890396,1.2379173933540253,36.510526681250404,0.12665435820179421,-0.8202462965276787,0.2836390336028707,0.5042286653939496,0.19424377054541309,0.2889969646929919,0.08094996583536677,2
2025-11-04 10:04:40,1.1010048076358097,0.05132221806144353,0.7310747965880714,81.83385576525646,3.9474949797767285,251.7558078855487,93.72035929398984,17.305172416326396,2.40251980873848,1.02144902416688,36.775949571411395,0.05804304246752113,0.20182401131817218,-0.17842238000077648,0.0257494846105355,0.06698122041730123,0.1575981217223938,0.13217725567367575,2
2025-11-04 10:04:41,0.6041956411663822,0.09820293177569293,1.1718927435987285,68.0328447135973,4.451188310172914,352.21090840336,263.9343147264466,16.929120916806927,1.429310166005858,0.568458719333578,36.94610320378374,0.11975003332544029,-0.3180828571288834,-0.020711847935934724,-0.3582909145003128,0.07140629999520165,0.14131919353245476,0.2532634076619284,2
2025-11-04 10:04:42,0.6380246573759496,0.05433562845935827,0.5197105377543642,73.91268023559994,1.8669592003631026,319.8404634298752,106.79488925587873,14.845333128598686,1.4811454655737002,0.8711129384301278,36.68991623058889,0.07824966192671116,0.8345361331553613,-0.1691139988158208,0.19210023152190048,0.022034224397872844,0.09082135161927246,0.26436493562206353,2
2025-11-04 10:04:43,0.38458374585678207,0.03958764492587574,0.6041085819845738,90.32290259301008,1.382858222080647,262.6711616475545,259.260281310735,16.77746058041309,2.385662433367557,1.4207666084633574,36.83642227364234,0.16647492305624562,-0.18681892528105548,-0.9519899103102223,0.9914689041026461,0.10339958520676161,0.28807284322521887,0.0805221942766255,2
2025-11-04 10:04:44,0.8204521268965566,0.06700607688850532,1.2999160853731895,90.50060111055582,1.0945543441853456,277.10430713763185,119.81902211360261,17.440737145409827,2.7960660803635218,1.084448909757426,36.54507110683373,0.16593227054568807,-0.7134370825947178,-0.32925678756507515,-0.12947544068689232,0.17232595178676574,0.051416148297131536,0.16966548401699563,2
2025-11-04 10:04:45,0.33234804641706783,0.03161310569003738,0.6785446620543336,87.97820293249475,3.567886001773064,252.50816407488398,210.7204775146769,17.357724393664434,2.877321486256371,1.0383319432557134,36.64106002497157,0.10069657564325625,0.42943766700407204,-0.6458354892054203,0.8413828015572391,0.2588011250592253,0.17815057705384024,0.06582301368438984,2
2025-11-04 10:04:46,0.7190382163192142,0.016827699529779753,1.1527461078518746,78.2311669980955,3.428376144355123,189.2645353956462,223.53764337745775,18.14004406865436,1.942806465095802,0.7688535143821935,36.6382421707359,0.07665563077365296,-0.4132931571179803,-0.8031516217972625,-0.3099663201508678,0.2034089597630174,0.09193957758040526,0.0395448416004714,2
2025-11-04 10:04:47,0.7883801712368189,0.021599174971958433,0.7381827810467265,84.66602050700614,3.18678965085628,269.50659785770483,178.16368828626324,17.274946924961913,1.392802898251257,0.8684489199165789,36.47602649603793,0.07888636134622795,0.05094061471178635,0.9134408677786996,-0.8905345861500282,0.1362649337859279,0.09091240420086101,0.27422494540366765,2
2025-11-04 10:04:48,0.5578871269154559,0.02152412550619952,0.5994413927593452,84.97478222636602,1.9277883844639017,306.6655906150272,126.32766917418282,16.63260677357485,2.468872714646948,1.3953460891531693,36.64696775106527,0.16308575987696142,0.39566557101034006,0.19871945008433123,-0.5915157872631422,0.28640483317429993,0.12744089033909464,0.24794717622731166,2
2025-11-04 10:04:49,0.8317499345121095,0.02367124241610649,0.7431721909994541,76.8914471756522,2.5636239836220587,361.9968747582423,103.16109409277402,17.92627042896957,1.1275034581557506,1.1664630475268356,36.23541451034088,0.07235410173154629,0.8005282224041408,0.45731256847320534,-0.1626097133446316,0.21858110816699122,0.2996499513865398,0.23041012152292042,2
2025-11-04 10:04:50,0.3274502249451445,0.022494445538446914,1.2222669318556592,95.52378811237006,3.377905340744692,290.8874061937744,58.297338640606554,15.952261733351692,1.9101850720837943,1.2873870267523329,36.552653875857374,0.049721281004300746,0.5843823896033522,-0.369272513467765,-0.560730142810862,0.2797479088301395,0.025940228983548398,0.024142232455810722,2
2025-11-04 10:04:51,0.33361336987429296,0.06767872703228932,1.3556964681062857,91.1415360340297,2.9870674354366775,328.3364611129474,125.98660031018095,14.412625627790108,1.3964461538121828,0.9543454230676551,36.6145373519891,0.026090784956308295,0.3527221357454482,-0.2137057410119696,-0.9995459235634889,0.16300051224892803,0.17777712727902412,0.25468134988597463,2
2025-11-04 10:04:52,1.0403405045936924,0.02636920759592304,1.3302198645669916,83.45325078319235,4.951142080859549,148.0214904863719,213.29069763282075,15.706479464901225,2.1415776842696905,1.130247219456158,36.62314607425139,0.09867169296803759,0.3592663647902872,-0.526152012206553,0.8300030754950545,0.08508223969001047,0.03394592583023038,0.13703278201256128,2
2025-11-04 10:04:53,0.6241715772701366,0.041110055499147695,0.8971835296184548,85.18820087296172,1.5457590102269325,238.46724232593698,284.5762046121207,14.659175239348391,1.1009972822337672,0.7483836087432075,36.62755076623877,0.10160509879476995,0.8918492880641731,-0.8060686580691505,0.687758822461858,0.025319739045769375,0.0548110406972505,0.10929458575579928,2
2025-11-04 10:04:54,0.4143544613866963,0.09071095689154107,1.1680851365706462,86.45867965563286,3.780578216190375,102.799485948128,267.801120565763,14.784679105046113,0.9789823643370644,1.2054608302834864,36.681470740041966,0.16977265497655236,-0.4083518050069279,-0.6419367251168324,0.48458446297389424,0.22056460693031663,0.1374732531141406,0.16847814469735917,2
2025-11-04 10:04:55,0.7700189340493239,0.05265654762365852,0.704984295415821,70.70785592102996,2.6172750724171685,174.0036593564869,241.51619413382565,15.739866392712068,2.795597716688593,0.9276013337033373,36.84383245542582,0.052035352324752156,-0.9977758116076252,0.5950280905929717,-0.6643708087079427,0.04517786942160489,0.15803343809046796,0.03649244038983119,2
2025-11-04 10:04:56,0.9929941977887498,0.07008019646689245,0.7931477302610133,83.26975832235583,2.712798459702459,317.9385145339014,247.11183581332466,14.57364414220007,0.7545092073738422,0.9425455148147456,36.96235512223976,0.08238834199699598,-0.45609088120360264,0.35509161036755166,-0.7592728475800279,0.09780478719887047,0.08504979842571195,0.22942749931219567,2
2025-11-04 10:04:57,0.4942389247471588,0.025508788408146688,1.3963358185211199,80.2261102640154,3.870391062632705,397.54298540480903,216.2462258689988,15.445669246649727,1.7648947693373291,1.1493223245768815,36.50507043194552,0.1635970903898013,-0.564217240746512,0.0938577519709538,-0.8647905010552337,0.16441656328633025,0.10177256795358068,0.1789061722976058,2
2025-11-04 10:04:58,0.8606014282371002,0.027306011692780373,0.513001923510736,77.9886599307356,3.7697446052974786,129.75342987616477,115.07171439150075,12.591493599483186,1.0521319574075223,1.4362806214689265,36.33903974338326,0.16648848604230498,0.32366917022799635,-0.04982025426646386,0.44805837754584243,0.17368081045612682,0.035220435874220586,0.06411112809321858,2
2025-11-04 10:04:59,0.3768127184943912,0.0136781754639831,0.5855085308544681,83.03229794979832,4.965023974808753,220.44829475838648,276.79875767645746,16.38392867327129,0.5973249083141686,0.5640063466086209,36.387386676327075,0.08307610443596596,0.2674231995310581,0.8448685673122489,0.8576159213757706,0.18416912712626946,0.09793373731483264,0.06458733793302322,2
